subject,session,class_name,cue_side,rt_group,n_trials,n_unusable,unusable_rate,mean_error,mean_RT
s01,1,toward,left,validRT,144,0,0,13.9166666666667,668.534722222222
s01,1,toward,left,trimmedRT,2,0,0,71.5,1804.5
s01,1,toward,right,validRT,141,0,0,11.2340425531915,656.936170212766
s01,1,toward,right,trimmedRT,2,0,0,5.5,1573
s01,1,toward,other,validRT,0,0,NaN,NaN,NaN
s01,1,toward,other,trimmedRT,0,0,NaN,NaN,NaN
s01,1,noMS,left,validRT,24,0,0,9.16666666666667,624.458333333333
s01,1,noMS,left,trimmedRT,3,0,0,14,1546.33333333333
s01,1,noMS,right,validRT,38,0,0,13.4473684210526,677.342105263158
s01,1,noMS,right,trimmedRT,0,0,NaN,NaN,NaN
s01,1,noMS,other,validRT,0,0,NaN,NaN,NaN
s01,1,noMS,other,trimmedRT,0,0,NaN,NaN,NaN
s01,1,away,left,validRT,57,0,0,15.1052631578947,614.210526315789
s01,1,away,left,trimmedRT,2,0,0,34.5,2053
s01,1,away,right,validRT,50,0,0,14.96,680.14
s01,1,away,right,trimmedRT,1,0,0,82,1789
s01,1,away,other,validRT,0,0,NaN,NaN,NaN
s01,1,away,other,trimmedRT,0,0,NaN,NaN,NaN
s01,1,tooSmall,left,validRT,65,0,0,12.8923076923077,646.061538461538
s01,1,tooSmall,left,trimmedRT,3,0,0,8.33333333333333,1755
s01,1,tooSmall,right,validRT,66,0,0,12.6060606060606,642.378787878788
s01,1,tooSmall,right,trimmedRT,2,0,0,12,2005.5
s01,1,tooSmall,other,validRT,0,0,NaN,NaN,NaN
s01,1,tooSmall,other,trimmedRT,0,0,NaN,NaN,NaN
s01,1,unclassified,left,validRT,0,0,NaN,NaN,NaN
s01,1,unclassified,left,trimmedRT,0,0,NaN,NaN,NaN
s01,1,unclassified,right,validRT,0,0,NaN,NaN,NaN
s01,1,unclassified,right,trimmedRT,0,0,NaN,NaN,NaN
s01,1,unclassified,other,validRT,0,0,NaN,NaN,NaN
s01,1,unclassified,other,trimmedRT,0,0,NaN,NaN,NaN
s01,2,toward,left,validRT,133,0,0,15.8195488721805,672.368421052632
s01,2,toward,left,trimmedRT,5,0,0,13,1665.8
s01,2,toward,right,validRT,93,0,0,10.4623655913978,685.935483870968
s01,2,toward,right,trimmedRT,1,0,0,19,3134
s01,2,toward,other,validRT,0,0,NaN,NaN,NaN
s01,2,toward,other,trimmedRT,0,0,NaN,NaN,NaN
s01,2,noMS,left,validRT,51,0,0,12.921568627451,526.862745098039
s01,2,noMS,left,trimmedRT,2,1,0.5,41,8825.5
s01,2,noMS,right,validRT,51,0,0,13.8039215686275,649.78431372549
s01,2,noMS,right,trimmedRT,0,0,NaN,NaN,NaN
s01,2,noMS,other,validRT,0,0,NaN,NaN,NaN
s01,2,noMS,other,trimmedRT,0,0,NaN,NaN,NaN
s01,2,away,left,validRT,47,0,0,10.5106382978723,524.127659574468
s01,2,away,left,trimmedRT,2,0,0,20.5,1359
s01,2,away,right,validRT,85,0,0,11.8588235294118,652.529411764706
s01,2,away,right,trimmedRT,2,0,0,10,1522.5
s01,2,away,other,validRT,0,0,NaN,NaN,NaN
s01,2,away,other,trimmedRT,0,0,NaN,NaN,NaN
s01,2,tooSmall,left,validRT,60,1,0.0166666666666667,10.6,595.9
s01,2,tooSmall,left,trimmedRT,0,0,NaN,NaN,NaN
s01,2,tooSmall,right,validRT,66,0,0,12.2121212121212,585.772727272727
s01,2,tooSmall,right,trimmedRT,2,0,0,4.5,703.5
s01,2,tooSmall,other,validRT,0,0,NaN,NaN,NaN
s01,2,tooSmall,other,trimmedRT,0,0,NaN,NaN,NaN
s01,2,unclassified,left,validRT,0,0,NaN,NaN,NaN
s01,2,unclassified,left,trimmedRT,0,0,NaN,NaN,NaN
s01,2,unclassified,right,validRT,0,0,NaN,NaN,NaN
s01,2,unclassified,right,trimmedRT,0,0,NaN,NaN,NaN
s01,2,unclassified,other,validRT,0,0,NaN,NaN,NaN
s01,2,unclassified,other,trimmedRT,0,0,NaN,NaN,NaN
s02,1,toward,left,validRT,121,0,0,11.7933884297521,451.198347107438
s02,1,toward,left,trimmedRT,2,0,0,21,735
s02,1,toward,right,validRT,119,1,0.00840336134453781,11.4873949579832,458.025210084034
s02,1,toward,right,trimmedRT,4,0,0,44.25,854.75
s02,1,toward,other,validRT,0,0,NaN,NaN,NaN
s02,1,toward,other,trimmedRT,0,0,NaN,NaN,NaN
s02,1,noMS,left,validRT,66,1,0.0151515151515152,14.969696969697,445.666666666667
s02,1,noMS,left,trimmedRT,2,0,0,34,930
s02,1,noMS,right,validRT,71,2,0.028169014084507,13.9577464788732,439.450704225352
s02,1,noMS,right,trimmedRT,0,0,NaN,NaN,NaN
s02,1,noMS,other,validRT,0,0,NaN,NaN,NaN
s02,1,noMS,other,trimmedRT,0,0,NaN,NaN,NaN
s02,1,away,left,validRT,35,0,0,11.1714285714286,418.2
s02,1,away,left,trimmedRT,0,0,NaN,NaN,NaN
s02,1,away,right,validRT,37,0,0,19.4594594594595,422.297297297297
s02,1,away,right,trimmedRT,1,0,0,6,1986
s02,1,away,other,validRT,0,0,NaN,NaN,NaN
s02,1,away,other,trimmedRT,0,0,NaN,NaN,NaN
s02,1,tooSmall,left,validRT,74,2,0.027027027027027,21.0675675675676,444.486486486487
s02,1,tooSmall,left,trimmedRT,0,0,NaN,NaN,NaN
s02,1,tooSmall,right,validRT,67,0,0,15.1492537313433,441.835820895522
s02,1,tooSmall,right,trimmedRT,1,1,1,65,1187
s02,1,tooSmall,other,validRT,0,0,NaN,NaN,NaN
s02,1,tooSmall,other,trimmedRT,0,0,NaN,NaN,NaN
s02,1,unclassified,left,validRT,0,0,NaN,NaN,NaN
s02,1,unclassified,left,trimmedRT,0,0,NaN,NaN,NaN
s02,1,unclassified,right,validRT,0,0,NaN,NaN,NaN
s02,1,unclassified,right,trimmedRT,0,0,NaN,NaN,NaN
s02,1,unclassified,other,validRT,0,0,NaN,NaN,NaN
s02,1,unclassified,other,trimmedRT,0,0,NaN,NaN,NaN
s02,2,toward,left,validRT,136,1,0.00735294117647059,11.0955882352941,453.485294117647
s02,2,toward,left,trimmedRT,3,0,0,32.6666666666667,816.333333333333
s02,2,toward,right,validRT,144,3,0.0208333333333333,10.8194444444444,444.583333333333
s02,2,toward,right,trimmedRT,1,0,0,18,734
s02,2,toward,other,validRT,0,0,NaN,NaN,NaN
s02,2,toward,other,trimmedRT,0,0,NaN,NaN,NaN
s02,2,noMS,left,validRT,48,10,0.208333333333333,12.3125,426.791666666667
s02,2,noMS,left,trimmedRT,1,1,1,1,1141
s02,2,noMS,right,validRT,37,7,0.189189189189189,18.1621621621622,446.702702702703
s02,2,noMS,right,trimmedRT,4,4,1,42.25,831.75
s02,2,noMS,other,validRT,0,0,NaN,NaN,NaN
s02,2,noMS,other,trimmedRT,0,0,NaN,NaN,NaN
s02,2,away,left,validRT,57,3,0.0526315789473684,10.4736842105263,426.771929824561
s02,2,away,left,trimmedRT,0,0,NaN,NaN,NaN
s02,2,away,right,validRT,43,2,0.0465116279069767,11.7906976744186,443.162790697674
s02,2,away,right,trimmedRT,1,0,0,74,941
s02,2,away,other,validRT,0,0,NaN,NaN,NaN
s02,2,away,other,trimmedRT,0,0,NaN,NaN,NaN
s02,2,tooSmall,left,validRT,55,2,0.0363636363636364,11.6545454545455,443.981818181818
s02,2,tooSmall,left,trimmedRT,0,0,NaN,NaN,NaN
s02,2,tooSmall,right,validRT,70,5,0.0714285714285714,11.9571428571429,444.8
s02,2,tooSmall,right,trimmedRT,0,0,NaN,NaN,NaN
s02,2,tooSmall,other,validRT,0,0,NaN,NaN,NaN
s02,2,tooSmall,other,trimmedRT,0,0,NaN,NaN,NaN
s02,2,unclassified,left,validRT,0,0,NaN,NaN,NaN
s02,2,unclassified,left,trimmedRT,0,0,NaN,NaN,NaN
s02,2,unclassified,right,validRT,0,0,NaN,NaN,NaN
s02,2,unclassified,right,trimmedRT,0,0,NaN,NaN,NaN
s02,2,unclassified,other,validRT,0,0,NaN,NaN,NaN
s02,2,unclassified,other,trimmedRT,0,0,NaN,NaN,NaN
s03,1,toward,left,validRT,81,5,0.0617283950617284,14.3703703703704,779.061728395062
s03,1,toward,left,trimmedRT,16,1,0.0625,41.5625,4002.375
s03,1,toward,right,validRT,96,1,0.0104166666666667,12.4791666666667,704.135416666667
s03,1,toward,right,trimmedRT,16,4,0.25,43.75,3771.9375
s03,1,toward,other,validRT,0,0,NaN,NaN,NaN
s03,1,toward,other,trimmedRT,0,0,NaN,NaN,NaN
s03,1,noMS,left,validRT,62,7,0.112903225806452,17.5,765.790322580645
s03,1,noMS,left,trimmedRT,7,2,0.285714285714286,22.4285714285714,2912
s03,1,noMS,right,validRT,54,7,0.12962962962963,16,760.888888888889
s03,1,noMS,right,trimmedRT,8,4,0.5,51.875,4148.5
s03,1,noMS,other,validRT,0,0,NaN,NaN,NaN
s03,1,noMS,other,trimmedRT,0,0,NaN,NaN,NaN
s03,1,away,left,validRT,72,3,0.0416666666666667,19.2638888888889,799.180555555556
s03,1,away,left,trimmedRT,7,1,0.142857142857143,49.8571428571429,4160.28571428571
s03,1,away,right,validRT,51,2,0.0392156862745098,12.4509803921569,834.803921568627
s03,1,away,right,trimmedRT,20,2,0.1,46.85,4583.1
s03,1,away,other,validRT,0,0,NaN,NaN,NaN
s03,1,away,other,trimmedRT,0,0,NaN,NaN,NaN
s03,1,tooSmall,left,validRT,53,3,0.0566037735849057,23.4905660377358,783.245283018868
s03,1,tooSmall,left,trimmedRT,2,0,0,14.5,2640
s03,1,tooSmall,right,validRT,49,3,0.0612244897959184,15.2448979591837,674.918367346939
s03,1,tooSmall,right,trimmedRT,6,0,0,43.5,4578
s03,1,tooSmall,other,validRT,0,0,NaN,NaN,NaN
s03,1,tooSmall,other,trimmedRT,0,0,NaN,NaN,NaN
s03,1,unclassified,left,validRT,0,0,NaN,NaN,NaN
s03,1,unclassified,left,trimmedRT,0,0,NaN,NaN,NaN
s03,1,unclassified,right,validRT,0,0,NaN,NaN,NaN
s03,1,unclassified,right,trimmedRT,0,0,NaN,NaN,NaN
s03,1,unclassified,other,validRT,0,0,NaN,NaN,NaN
s03,1,unclassified,other,trimmedRT,0,0,NaN,NaN,NaN
s03,2,toward,left,validRT,71,5,0.0704225352112676,17.9859154929577,761.535211267606
s03,2,toward,left,trimmedRT,2,0,0,45,2595
s03,2,toward,right,validRT,74,6,0.0810810810810811,23.4459459459459,732.851351351351
s03,2,toward,right,trimmedRT,7,0,0,37.1428571428571,3427.42857142857
s03,2,toward,other,validRT,0,0,NaN,NaN,NaN
s03,2,toward,other,trimmedRT,0,0,NaN,NaN,NaN
s03,2,noMS,left,validRT,93,14,0.150537634408602,14.9784946236559,780.268817204301
s03,2,noMS,left,trimmedRT,6,3,0.5,16.6666666666667,3547.66666666667
s03,2,noMS,right,validRT,89,18,0.202247191011236,15.8988764044944,774.449438202247
s03,2,noMS,right,trimmedRT,5,3,0.6,37.6,3833
s03,2,noMS,other,validRT,0,0,NaN,NaN,NaN
s03,2,noMS,other,trimmedRT,0,0,NaN,NaN,NaN
s03,2,away,left,validRT,41,0,0,16.609756097561,800.585365853659
s03,2,away,left,trimmedRT,11,1,0.0909090909090909,61.6363636363636,3561.27272727273
s03,2,away,right,validRT,53,7,0.132075471698113,12.6603773584906,693
s03,2,away,right,trimmedRT,6,1,0.166666666666667,47.3333333333333,3608.16666666667
s03,2,away,other,validRT,0,0,NaN,NaN,NaN
s03,2,away,other,trimmedRT,0,0,NaN,NaN,NaN
s03,2,tooSmall,left,validRT,72,10,0.138888888888889,19.125,843.416666666667
s03,2,tooSmall,left,trimmedRT,4,2,0.5,32.25,3844
s03,2,tooSmall,right,validRT,60,8,0.133333333333333,15.6166666666667,615.366666666667
s03,2,tooSmall,right,trimmedRT,6,1,0.166666666666667,63,4263.5
s03,2,tooSmall,other,validRT,0,0,NaN,NaN,NaN
s03,2,tooSmall,other,trimmedRT,0,0,NaN,NaN,NaN
s03,2,unclassified,left,validRT,0,0,NaN,NaN,NaN
s03,2,unclassified,left,trimmedRT,0,0,NaN,NaN,NaN
s03,2,unclassified,right,validRT,0,0,NaN,NaN,NaN
s03,2,unclassified,right,trimmedRT,0,0,NaN,NaN,NaN
s03,2,unclassified,other,validRT,0,0,NaN,NaN,NaN
s03,2,unclassified,other,trimmedRT,0,0,NaN,NaN,NaN
s04,1,toward,left,validRT,95,3,0.0315789473684211,17.2526315789474,924.484210526316
s04,1,toward,left,trimmedRT,5,0,0,15.8,3452.4
s04,1,toward,right,validRT,98,1,0.0102040816326531,13.9489795918367,928.938775510204
s04,1,toward,right,trimmedRT,10,2,0.2,20.1,2691.5
s04,1,toward,other,validRT,0,0,NaN,NaN,NaN
s04,1,toward,other,trimmedRT,0,0,NaN,NaN,NaN
s04,1,noMS,left,validRT,77,7,0.0909090909090909,10.0909090909091,810.324675324675
s04,1,noMS,left,trimmedRT,2,0,0,6.5,2504.5
s04,1,noMS,right,validRT,78,8,0.102564102564103,9.80769230769231,857
s04,1,noMS,right,trimmedRT,13,1,0.0769230769230769,20.6923076923077,2562.07692307692
s04,1,noMS,other,validRT,0,0,NaN,NaN,NaN
s04,1,noMS,other,trimmedRT,0,0,NaN,NaN,NaN
s04,1,away,left,validRT,50,1,0.02,22.26,896.46
s04,1,away,left,trimmedRT,4,0,0,15.5,2408.5
s04,1,away,right,validRT,36,2,0.0555555555555556,10.8888888888889,835.805555555556
s04,1,away,right,trimmedRT,8,0,0,4.375,2669.75
s04,1,away,other,validRT,0,0,NaN,NaN,NaN
s04,1,away,other,trimmedRT,0,0,NaN,NaN,NaN
s04,1,tooSmall,left,validRT,62,3,0.0483870967741935,17.1612903225806,868.967741935484
s04,1,tooSmall,left,trimmedRT,5,1,0.2,18.6,2769.4
s04,1,tooSmall,right,validRT,50,3,0.06,13.6,870.02
s04,1,tooSmall,right,trimmedRT,7,1,0.142857142857143,40.7142857142857,2799
s04,1,tooSmall,other,validRT,0,0,NaN,NaN,NaN
s04,1,tooSmall,other,trimmedRT,0,0,NaN,NaN,NaN
s04,1,unclassified,left,validRT,0,0,NaN,NaN,NaN
s04,1,unclassified,left,trimmedRT,0,0,NaN,NaN,NaN
s04,1,unclassified,right,validRT,0,0,NaN,NaN,NaN
s04,1,unclassified,right,trimmedRT,0,0,NaN,NaN,NaN
s04,1,unclassified,other,validRT,0,0,NaN,NaN,NaN
s04,1,unclassified,other,trimmedRT,0,0,NaN,NaN,NaN
s04,2,toward,left,validRT,147,0,0,14.6938775510204,702.231292517007
s04,2,toward,left,trimmedRT,2,0,0,16,3067.5
s04,2,toward,right,validRT,131,0,0,12.587786259542,683.190839694656
s04,2,toward,right,trimmedRT,3,0,0,12.6666666666667,2371.33333333333
s04,2,toward,other,validRT,0,0,NaN,NaN,NaN
s04,2,toward,other,trimmedRT,0,0,NaN,NaN,NaN
s04,2,noMS,left,validRT,69,1,0.0144927536231884,14.9420289855072,625.072463768116
s04,2,noMS,left,trimmedRT,0,0,NaN,NaN,NaN
s04,2,noMS,right,validRT,69,1,0.0144927536231884,11.7101449275362,667.347826086957
s04,2,noMS,right,trimmedRT,3,0,0,35,2700
s04,2,noMS,other,validRT,0,0,NaN,NaN,NaN
s04,2,noMS,other,trimmedRT,0,0,NaN,NaN,NaN
s04,2,away,left,validRT,24,0,0,14.5,747.125
s04,2,away,left,trimmedRT,0,0,NaN,NaN,NaN
s04,2,away,right,validRT,27,0,0,14.8518518518519,696.037037037037
s04,2,away,right,trimmedRT,1,0,0,18,1966
s04,2,away,other,validRT,0,0,NaN,NaN,NaN
s04,2,away,other,trimmedRT,0,0,NaN,NaN,NaN
s04,2,tooSmall,left,validRT,58,0,0,11.7068965517241,611.844827586207
s04,2,tooSmall,left,trimmedRT,0,0,NaN,NaN,NaN
s04,2,tooSmall,right,validRT,66,1,0.0151515151515152,13.530303030303,636.424242424242
s04,2,tooSmall,right,trimmedRT,0,0,NaN,NaN,NaN
s04,2,tooSmall,other,validRT,0,0,NaN,NaN,NaN
s04,2,tooSmall,other,trimmedRT,0,0,NaN,NaN,NaN
s04,2,unclassified,left,validRT,0,0,NaN,NaN,NaN
s04,2,unclassified,left,trimmedRT,0,0,NaN,NaN,NaN
s04,2,unclassified,right,validRT,0,0,NaN,NaN,NaN
s04,2,unclassified,right,trimmedRT,0,0,NaN,NaN,NaN
s04,2,unclassified,other,validRT,0,0,NaN,NaN,NaN
s04,2,unclassified,other,trimmedRT,0,0,NaN,NaN,NaN
s06,1,toward,left,validRT,108,11,0.101851851851852,13.2037037037037,706.398148148148
s06,1,toward,left,trimmedRT,0,0,NaN,NaN,NaN
s06,1,toward,right,validRT,72,5,0.0694444444444444,10,778.708333333333
s06,1,toward,right,trimmedRT,4,1,0.25,42.5,1427.5
s06,1,toward,other,validRT,0,0,NaN,NaN,NaN
s06,1,toward,other,trimmedRT,0,0,NaN,NaN,NaN
s06,1,noMS,left,validRT,44,10,0.227272727272727,13.7045454545455,652.5
s06,1,noMS,left,trimmedRT,2,1,0.5,8.5,1540.5
s06,1,noMS,right,validRT,41,8,0.195121951219512,13.8292682926829,704.268292682927
s06,1,noMS,right,trimmedRT,1,0,0,6,1628
s06,1,noMS,other,validRT,0,0,NaN,NaN,NaN
s06,1,noMS,other,trimmedRT,0,0,NaN,NaN,NaN
s06,1,away,left,validRT,54,6,0.111111111111111,17.3518518518519,768.351851851852
s06,1,away,left,trimmedRT,1,0,0,18,1443
s06,1,away,right,validRT,81,7,0.0864197530864197,13.3703703703704,755.506172839506
s06,1,away,right,trimmedRT,2,0,0,41,1465.5
s06,1,away,other,validRT,0,0,NaN,NaN,NaN
s06,1,away,other,trimmedRT,0,0,NaN,NaN,NaN
s06,1,tooSmall,left,validRT,86,10,0.116279069767442,15.1046511627907,731.302325581395
s06,1,tooSmall,left,trimmedRT,5,1,0.2,52.4,1955
s06,1,tooSmall,right,validRT,94,2,0.0212765957446809,13.3723404255319,685.148936170213
s06,1,tooSmall,right,trimmedRT,5,1,0.2,47.6,1617.4
s06,1,tooSmall,other,validRT,0,0,NaN,NaN,NaN
s06,1,tooSmall,other,trimmedRT,0,0,NaN,NaN,NaN
s06,1,unclassified,left,validRT,0,0,NaN,NaN,NaN
s06,1,unclassified,left,trimmedRT,0,0,NaN,NaN,NaN
s06,1,unclassified,right,validRT,0,0,NaN,NaN,NaN
s06,1,unclassified,right,trimmedRT,0,0,NaN,NaN,NaN
s06,1,unclassified,other,validRT,0,0,NaN,NaN,NaN
s06,1,unclassified,other,trimmedRT,0,0,NaN,NaN,NaN
s06,2,toward,left,validRT,106,6,0.0566037735849057,13.9339622641509,670.566037735849
s06,2,toward,left,trimmedRT,5,0,0,48,1554.4
s06,2,toward,right,validRT,61,2,0.0327868852459016,12.1475409836066,671.901639344262
s06,2,toward,right,trimmedRT,1,0,0,75,1570
s06,2,toward,other,validRT,0,0,NaN,NaN,NaN
s06,2,toward,other,trimmedRT,0,0,NaN,NaN,NaN
s06,2,noMS,left,validRT,53,6,0.113207547169811,11.6603773584906,628.094339622642
s06,2,noMS,left,trimmedRT,0,0,NaN,NaN,NaN
s06,2,noMS,right,validRT,67,2,0.0298507462686567,9.34328358208955,580.014925373134
s06,2,noMS,right,trimmedRT,0,0,NaN,NaN,NaN
s06,2,noMS,other,validRT,0,0,NaN,NaN,NaN
s06,2,noMS,other,trimmedRT,0,0,NaN,NaN,NaN
s06,2,away,left,validRT,46,5,0.108695652173913,14.8260869565217,722.282608695652
s06,2,away,left,trimmedRT,0,0,NaN,NaN,NaN
s06,2,away,right,validRT,74,6,0.0810810810810811,16.7837837837838,694.567567567568
s06,2,away,right,trimmedRT,1,0,0,59,1571
s06,2,away,other,validRT,0,0,NaN,NaN,NaN
s06,2,away,other,trimmedRT,0,0,NaN,NaN,NaN
s06,2,tooSmall,left,validRT,90,8,0.0888888888888889,15.1888888888889,641.577777777778
s06,2,tooSmall,left,trimmedRT,0,0,NaN,NaN,NaN
s06,2,tooSmall,right,validRT,96,9,0.09375,15.5729166666667,677.239583333333
s06,2,tooSmall,right,trimmedRT,0,0,NaN,NaN,NaN
s06,2,tooSmall,other,validRT,0,0,NaN,NaN,NaN
s06,2,tooSmall,other,trimmedRT,0,0,NaN,NaN,NaN
s06,2,unclassified,left,validRT,0,0,NaN,NaN,NaN
s06,2,unclassified,left,trimmedRT,0,0,NaN,NaN,NaN
s06,2,unclassified,right,validRT,0,0,NaN,NaN,NaN
s06,2,unclassified,right,trimmedRT,0,0,NaN,NaN,NaN
s06,2,unclassified,other,validRT,0,0,NaN,NaN,NaN
s06,2,unclassified,other,trimmedRT,0,0,NaN,NaN,NaN
s08,1,toward,left,validRT,75,1,0.0133333333333333,13.64,838.453333333333
s08,1,toward,left,trimmedRT,5,1,0.2,35.2,3108.8
s08,1,toward,right,validRT,78,1,0.0128205128205128,10.3717948717949,771.179487179487
s08,1,toward,right,trimmedRT,9,1,0.111111111111111,23.6666666666667,2107.77777777778
s08,1,toward,other,validRT,0,0,NaN,NaN,NaN
s08,1,toward,other,trimmedRT,0,0,NaN,NaN,NaN
s08,1,noMS,left,validRT,89,1,0.0112359550561798,13.8314606741573,666.247191011236
s08,1,noMS,left,trimmedRT,9,1,0.111111111111111,23.8888888888889,2616.33333333333
s08,1,noMS,right,validRT,91,1,0.010989010989011,11.8351648351648,752.461538461538
s08,1,noMS,right,trimmedRT,11,1,0.0909090909090909,15.8181818181818,2442.81818181818
s08,1,noMS,other,validRT,0,0,NaN,NaN,NaN
s08,1,noMS,other,trimmedRT,0,0,NaN,NaN,NaN
s08,1,away,left,validRT,40,1,0.025,9.025,728.3
s08,1,away,left,trimmedRT,2,0,0,15.5,1872
s08,1,away,right,validRT,30,0,0,12.8,824.9
s08,1,away,right,trimmedRT,3,1,0.333333333333333,32,2195.33333333333
s08,1,away,other,validRT,0,0,NaN,NaN,NaN
s08,1,away,other,trimmedRT,0,0,NaN,NaN,NaN
s08,1,tooSmall,left,validRT,78,1,0.0128205128205128,13.9615384615385,686.512820512821
s08,1,tooSmall,left,trimmedRT,2,0,0,18,2561
s08,1,tooSmall,right,validRT,74,3,0.0405405405405405,13.7972972972973,795.256756756757
s08,1,tooSmall,right,trimmedRT,4,0,0,28.75,3138.75
s08,1,tooSmall,other,validRT,0,0,NaN,NaN,NaN
s08,1,tooSmall,other,trimmedRT,0,0,NaN,NaN,NaN
s08,1,unclassified,left,validRT,0,0,NaN,NaN,NaN
s08,1,unclassified,left,trimmedRT,0,0,NaN,NaN,NaN
s08,1,unclassified,right,validRT,0,0,NaN,NaN,NaN
s08,1,unclassified,right,trimmedRT,0,0,NaN,NaN,NaN
s08,1,unclassified,other,validRT,0,0,NaN,NaN,NaN
s08,1,unclassified,other,trimmedRT,0,0,NaN,NaN,NaN
s08,2,toward,left,validRT,80,1,0.0125,10.5125,628.7
s08,2,toward,left,trimmedRT,2,0,0,45,2804.5
s08,2,toward,right,validRT,75,6,0.08,10.04,673.44
s08,2,toward,right,trimmedRT,2,0,0,46.5,2195.5
s08,2,toward,other,validRT,0,0,NaN,NaN,NaN
s08,2,toward,other,trimmedRT,0,0,NaN,NaN,NaN
s08,2,noMS,left,validRT,106,3,0.0283018867924528,7.70754716981132,570.094339622642
s08,2,noMS,left,trimmedRT,1,0,0,6,2840
s08,2,noMS,right,validRT,95,4,0.0421052631578947,11.2947368421053,630.452631578947
s08,2,noMS,right,trimmedRT,1,0,0,13,2604
s08,2,noMS,other,validRT,0,0,NaN,NaN,NaN
s08,2,noMS,other,trimmedRT,0,0,NaN,NaN,NaN
s08,2,away,left,validRT,30,2,0.0666666666666667,15.5333333333333,677.133333333333
s08,2,away,left,trimmedRT,3,0,0,49.6666666666667,2556
s08,2,away,right,validRT,43,0,0,12.906976744186,679.93023255814
s08,2,away,right,trimmedRT,0,0,NaN,NaN,NaN
s08,2,away,other,validRT,0,0,NaN,NaN,NaN
s08,2,away,other,trimmedRT,0,0,NaN,NaN,NaN
s08,2,tooSmall,left,validRT,75,2,0.0266666666666667,10.4133333333333,580.346666666667
s08,2,tooSmall,left,trimmedRT,3,0,0,66.3333333333333,2958.66666666667
s08,2,tooSmall,right,validRT,82,2,0.024390243902439,8.65853658536585,600.463414634146
s08,2,tooSmall,right,trimmedRT,2,0,0,22.5,2211.5
s08,2,tooSmall,other,validRT,0,0,NaN,NaN,NaN
s08,2,tooSmall,other,trimmedRT,0,0,NaN,NaN,NaN
s08,2,unclassified,left,validRT,0,0,NaN,NaN,NaN
s08,2,unclassified,left,trimmedRT,0,0,NaN,NaN,NaN
s08,2,unclassified,right,validRT,0,0,NaN,NaN,NaN
s08,2,unclassified,right,trimmedRT,0,0,NaN,NaN,NaN
s08,2,unclassified,other,validRT,0,0,NaN,NaN,NaN
s08,2,unclassified,other,trimmedRT,0,0,NaN,NaN,NaN
s09,1,toward,left,validRT,110,13,0.118181818181818,10.4909090909091,705.172727272727
s09,1,toward,left,trimmedRT,0,0,NaN,NaN,NaN
s09,1,toward,right,validRT,94,21,0.223404255319149,8.06382978723404,793.031914893617
s09,1,toward,right,trimmedRT,0,0,NaN,NaN,NaN
s09,1,toward,other,validRT,0,0,NaN,NaN,NaN
s09,1,toward,other,trimmedRT,0,0,NaN,NaN,NaN
s09,1,noMS,left,validRT,85,64,0.752941176470588,10.0352941176471,862.294117647059
s09,1,noMS,left,trimmedRT,8,6,0.75,13,1677.875
s09,1,noMS,right,validRT,83,61,0.734939759036145,10.7228915662651,859.385542168675
s09,1,noMS,right,trimmedRT,9,8,0.888888888888889,11.3333333333333,1976.33333333333
s09,1,noMS,other,validRT,0,0,NaN,NaN,NaN
s09,1,noMS,other,trimmedRT,0,0,NaN,NaN,NaN
s09,1,away,left,validRT,51,8,0.156862745098039,8.35294117647059,659.21568627451
s09,1,away,left,trimmedRT,2,2,1,7.5,1714.5
s09,1,away,right,validRT,64,8,0.125,8.765625,677.953125
s09,1,away,right,trimmedRT,3,3,1,10.3333333333333,1689.66666666667
s09,1,away,other,validRT,0,0,NaN,NaN,NaN
s09,1,away,other,trimmedRT,0,0,NaN,NaN,NaN
s09,1,tooSmall,left,validRT,43,16,0.372093023255814,8.58139534883721,768.023255813953
s09,1,tooSmall,left,trimmedRT,1,1,1,5,1590
s09,1,tooSmall,right,validRT,46,22,0.478260869565217,10.3913043478261,798.304347826087
s09,1,tooSmall,right,trimmedRT,1,1,1,2,1716
s09,1,tooSmall,other,validRT,0,0,NaN,NaN,NaN
s09,1,tooSmall,other,trimmedRT,0,0,NaN,NaN,NaN
s09,1,unclassified,left,validRT,0,0,NaN,NaN,NaN
s09,1,unclassified,left,trimmedRT,0,0,NaN,NaN,NaN
s09,1,unclassified,right,validRT,0,0,NaN,NaN,NaN
s09,1,unclassified,right,trimmedRT,0,0,NaN,NaN,NaN
s09,1,unclassified,other,validRT,0,0,NaN,NaN,NaN
s09,1,unclassified,other,trimmedRT,0,0,NaN,NaN,NaN
s09,2,toward,left,validRT,114,4,0.0350877192982456,9.82456140350877,646.622807017544
s09,2,toward,left,trimmedRT,0,0,NaN,NaN,NaN
s09,2,toward,right,validRT,97,16,0.164948453608247,9.17525773195876,680.680412371134
s09,2,toward,right,trimmedRT,0,0,NaN,NaN,NaN
s09,2,toward,other,validRT,0,0,NaN,NaN,NaN
s09,2,toward,other,trimmedRT,0,0,NaN,NaN,NaN
s09,2,noMS,left,validRT,64,33,0.515625,8.375,756.625
s09,2,noMS,left,trimmedRT,1,1,1,14,1582
s09,2,noMS,right,validRT,88,67,0.761363636363636,9.14772727272727,853.125
s09,2,noMS,right,trimmedRT,0,0,NaN,NaN,NaN
s09,2,noMS,other,validRT,0,0,NaN,NaN,NaN
s09,2,noMS,other,trimmedRT,0,0,NaN,NaN,NaN
s09,2,away,left,validRT,56,12,0.214285714285714,6.66071428571429,687.160714285714
s09,2,away,left,trimmedRT,1,0,0,6,1641
s09,2,away,right,validRT,63,1,0.0158730158730159,8.57142857142857,678.047619047619
s09,2,away,right,trimmedRT,1,0,0,5,1687
s09,2,away,other,validRT,0,0,NaN,NaN,NaN
s09,2,away,other,trimmedRT,0,0,NaN,NaN,NaN
s09,2,tooSmall,left,validRT,62,10,0.161290322580645,6.69354838709677,637.048387096774
s09,2,tooSmall,left,trimmedRT,2,0,0,4.5,1962.5
s09,2,tooSmall,right,validRT,50,12,0.24,8.76,730.56
s09,2,tooSmall,right,trimmedRT,1,1,1,2,2079
s09,2,tooSmall,other,validRT,0,0,NaN,NaN,NaN
s09,2,tooSmall,other,trimmedRT,0,0,NaN,NaN,NaN
s09,2,unclassified,left,validRT,0,0,NaN,NaN,NaN
s09,2,unclassified,left,trimmedRT,0,0,NaN,NaN,NaN
s09,2,unclassified,right,validRT,0,0,NaN,NaN,NaN
s09,2,unclassified,right,trimmedRT,0,0,NaN,NaN,NaN
s09,2,unclassified,other,validRT,0,0,NaN,NaN,NaN
s09,2,unclassified,other,trimmedRT,0,0,NaN,NaN,NaN
s10,1,toward,left,validRT,27,0,0,19.3333333333333,759.037037037037
s10,1,toward,left,trimmedRT,1,1,1,4,1518
s10,1,toward,right,validRT,31,0,0,13.2903225806452,856.032258064516
s10,1,toward,right,trimmedRT,0,0,NaN,NaN,NaN
s10,1,toward,other,validRT,0,0,NaN,NaN,NaN
s10,1,toward,other,trimmedRT,0,0,NaN,NaN,NaN
s10,1,noMS,left,validRT,125,1,0.008,13.448,755.96
s10,1,noMS,left,trimmedRT,3,0,0,9,1640
s10,1,noMS,right,validRT,123,1,0.00813008130081301,14.9349593495935,754.764227642276
s10,1,noMS,right,trimmedRT,3,0,0,17.6666666666667,1448
s10,1,noMS,other,validRT,0,0,NaN,NaN,NaN
s10,1,noMS,other,trimmedRT,0,0,NaN,NaN,NaN
s10,1,away,left,validRT,26,0,0,11.2307692307692,756.692307692308
s10,1,away,left,trimmedRT,0,0,NaN,NaN,NaN
s10,1,away,right,validRT,20,1,0.05,13.65,798.45
s10,1,away,right,trimmedRT,1,0,0,18,1671
s10,1,away,other,validRT,0,0,NaN,NaN,NaN
s10,1,away,other,trimmedRT,0,0,NaN,NaN,NaN
s10,1,tooSmall,left,validRT,115,1,0.00869565217391304,13.5391304347826,765.121739130435
s10,1,tooSmall,left,trimmedRT,3,0,0,29.3333333333333,1654.66666666667
s10,1,tooSmall,right,validRT,119,0,0,15.5042016806723,773.605042016807
s10,1,tooSmall,right,trimmedRT,3,0,0,33.6666666666667,1910.66666666667
s10,1,tooSmall,other,validRT,0,0,NaN,NaN,NaN
s10,1,tooSmall,other,trimmedRT,0,0,NaN,NaN,NaN
s10,1,unclassified,left,validRT,0,0,NaN,NaN,NaN
s10,1,unclassified,left,trimmedRT,0,0,NaN,NaN,NaN
s10,1,unclassified,right,validRT,0,0,NaN,NaN,NaN
s10,1,unclassified,right,trimmedRT,0,0,NaN,NaN,NaN
s10,1,unclassified,other,validRT,0,0,NaN,NaN,NaN
s10,1,unclassified,other,trimmedRT,0,0,NaN,NaN,NaN
s10,2,toward,left,validRT,46,0,0,12.1304347826087,730.891304347826
s10,2,toward,left,trimmedRT,2,0,0,26,1822.5
s10,2,toward,right,validRT,72,0,0,14.4305555555556,778.513888888889
s10,2,toward,right,trimmedRT,2,0,0,37.5,1918.5
s10,2,toward,other,validRT,0,0,NaN,NaN,NaN
s10,2,toward,other,trimmedRT,0,0,NaN,NaN,NaN
s10,2,noMS,left,validRT,105,0,0,14.1047619047619,724.790476190476
s10,2,noMS,left,trimmedRT,6,0,0,22,1672.66666666667
s10,2,noMS,right,validRT,98,0,0,16.2551020408163,726.204081632653
s10,2,noMS,right,trimmedRT,2,0,0,23,1636
s10,2,noMS,other,validRT,0,0,NaN,NaN,NaN
s10,2,noMS,other,trimmedRT,0,0,NaN,NaN,NaN
s10,2,away,left,validRT,42,0,0,14.6190476190476,780.833333333333
s10,2,away,left,trimmedRT,0,0,NaN,NaN,NaN
s10,2,away,right,validRT,27,0,0,9.51851851851852,730.962962962963
s10,2,away,right,trimmedRT,1,0,0,14,1427
s10,2,away,other,validRT,0,0,NaN,NaN,NaN
s10,2,away,other,trimmedRT,0,0,NaN,NaN,NaN
s10,2,tooSmall,left,validRT,96,0,0,10.8333333333333,708.8125
s10,2,tooSmall,left,trimmedRT,3,0,0,9.33333333333333,1905.66666666667
s10,2,tooSmall,right,validRT,94,0,0,10.0531914893617,748.712765957447
s10,2,tooSmall,right,trimmedRT,4,0,0,11,1572
s10,2,tooSmall,other,validRT,0,0,NaN,NaN,NaN
s10,2,tooSmall,other,trimmedRT,0,0,NaN,NaN,NaN
s10,2,unclassified,left,validRT,0,0,NaN,NaN,NaN
s10,2,unclassified,left,trimmedRT,0,0,NaN,NaN,NaN
s10,2,unclassified,right,validRT,0,0,NaN,NaN,NaN
s10,2,unclassified,right,trimmedRT,0,0,NaN,NaN,NaN
s10,2,unclassified,other,validRT,0,0,NaN,NaN,NaN
s10,2,unclassified,other,trimmedRT,0,0,NaN,NaN,NaN
s11,1,toward,left,validRT,102,1,0.00980392156862745,14.7549019607843,656.617647058824
s11,1,toward,left,trimmedRT,11,1,0.0909090909090909,22.8181818181818,1844.81818181818
s11,1,toward,right,validRT,76,3,0.0394736842105263,14.1842105263158,588.407894736842
s11,1,toward,right,trimmedRT,5,1,0.2,26.8,1830
s11,1,toward,other,validRT,0,0,NaN,NaN,NaN
s11,1,toward,other,trimmedRT,0,0,NaN,NaN,NaN
s11,1,noMS,left,validRT,100,10,0.1,14.51,559.71
s11,1,noMS,left,trimmedRT,5,2,0.4,16.6,1889.4
s11,1,noMS,right,validRT,99,11,0.111111111111111,12.2222222222222,546.363636363636
s11,1,noMS,right,trimmedRT,3,2,0.666666666666667,25,2252
s11,1,noMS,other,validRT,0,0,NaN,NaN,NaN
s11,1,noMS,other,trimmedRT,0,0,NaN,NaN,NaN
s11,1,away,left,validRT,40,3,0.075,14.95,579.925
s11,1,away,left,trimmedRT,3,0,0,11.6666666666667,1719.66666666667
s11,1,away,right,validRT,51,1,0.0196078431372549,12.7647058823529,589.980392156863
s11,1,away,right,trimmedRT,1,0,0,8,1692
s11,1,away,other,validRT,0,0,NaN,NaN,NaN
s11,1,away,other,trimmedRT,0,0,NaN,NaN,NaN
s11,1,tooSmall,left,validRT,38,5,0.131578947368421,12.7368421052632,592.263157894737
s11,1,tooSmall,left,trimmedRT,1,0,0,10,1344
s11,1,tooSmall,right,validRT,62,4,0.0645161290322581,13.6451612903226,561.790322580645
s11,1,tooSmall,right,trimmedRT,3,0,0,10.6666666666667,1536
s11,1,tooSmall,other,validRT,0,0,NaN,NaN,NaN
s11,1,tooSmall,other,trimmedRT,0,0,NaN,NaN,NaN
s11,1,unclassified,left,validRT,0,0,NaN,NaN,NaN
s11,1,unclassified,left,trimmedRT,0,0,NaN,NaN,NaN
s11,1,unclassified,right,validRT,0,0,NaN,NaN,NaN
s11,1,unclassified,right,trimmedRT,0,0,NaN,NaN,NaN
s11,1,unclassified,other,validRT,0,0,NaN,NaN,NaN
s11,1,unclassified,other,trimmedRT,0,0,NaN,NaN,NaN
s11,2,toward,left,validRT,72,0,0,10.1388888888889,527.069444444444
s11,2,toward,left,trimmedRT,0,0,NaN,NaN,NaN
s11,2,toward,right,validRT,49,0,0,10.1632653061224,513.408163265306
s11,2,toward,right,trimmedRT,0,0,NaN,NaN,NaN
s11,2,toward,other,validRT,0,0,NaN,NaN,NaN
s11,2,toward,other,trimmedRT,0,0,NaN,NaN,NaN
s11,2,noMS,left,validRT,148,33,0.222972972972973,16.7094594594595,470.304054054054
s11,2,noMS,left,trimmedRT,2,2,1,65,1734
s11,2,noMS,right,validRT,161,37,0.229813664596273,13.1055900621118,475.11801242236
s11,2,noMS,right,trimmedRT,0,0,NaN,NaN,NaN
s11,2,noMS,other,validRT,0,0,NaN,NaN,NaN
s11,2,noMS,other,trimmedRT,0,0,NaN,NaN,NaN
s11,2,away,left,validRT,31,0,0,14.8387096774194,490
s11,2,away,left,trimmedRT,0,0,NaN,NaN,NaN
s11,2,away,right,validRT,43,0,0,16.3255813953488,508.53488372093
s11,2,away,right,trimmedRT,1,0,0,12,1530
s11,2,away,other,validRT,0,0,NaN,NaN,NaN
s11,2,away,other,trimmedRT,0,0,NaN,NaN,NaN
s11,2,tooSmall,left,validRT,47,1,0.0212765957446809,17.2127659574468,477.893617021277
s11,2,tooSmall,left,trimmedRT,0,0,NaN,NaN,NaN
s11,2,tooSmall,right,validRT,46,3,0.0652173913043478,9.91304347826087,475.673913043478
s11,2,tooSmall,right,trimmedRT,0,0,NaN,NaN,NaN
s11,2,tooSmall,other,validRT,0,0,NaN,NaN,NaN
s11,2,tooSmall,other,trimmedRT,0,0,NaN,NaN,NaN
s11,2,unclassified,left,validRT,0,0,NaN,NaN,NaN
s11,2,unclassified,left,trimmedRT,0,0,NaN,NaN,NaN
s11,2,unclassified,right,validRT,0,0,NaN,NaN,NaN
s11,2,unclassified,right,trimmedRT,0,0,NaN,NaN,NaN
s11,2,unclassified,other,validRT,0,0,NaN,NaN,NaN
s11,2,unclassified,other,trimmedRT,0,0,NaN,NaN,NaN
s12,1,toward,left,validRT,82,3,0.0365853658536585,15.1829268292683,637.40243902439
s12,1,toward,left,trimmedRT,7,0,0,19.4285714285714,1714.14285714286
s12,1,toward,right,validRT,124,2,0.0161290322580645,14.2016129032258,578.217741935484
s12,1,toward,right,trimmedRT,9,1,0.111111111111111,22.2222222222222,1941
s12,1,toward,other,validRT,0,0,NaN,NaN,NaN
s12,1,toward,other,trimmedRT,0,0,NaN,NaN,NaN
s12,1,noMS,left,validRT,63,4,0.0634920634920635,11.8412698412698,622.349206349206
s12,1,noMS,left,trimmedRT,10,9,0.9,42.2,3250.7
s12,1,noMS,right,validRT,44,0,0,14.3409090909091,565.840909090909
s12,1,noMS,right,trimmedRT,2,2,1,47,1570
s12,1,noMS,other,validRT,0,0,NaN,NaN,NaN
s12,1,noMS,other,trimmedRT,0,0,NaN,NaN,NaN
s12,1,away,left,validRT,81,3,0.037037037037037,18.2839506172839,587.481481481482
s12,1,away,left,trimmedRT,2,0,0,6,1312
s12,1,away,right,validRT,59,1,0.0169491525423729,16.6101694915254,663.694915254237
s12,1,away,right,trimmedRT,1,0,0,88,1464
s12,1,away,other,validRT,0,0,NaN,NaN,NaN
s12,1,away,other,trimmedRT,0,0,NaN,NaN,NaN
s12,1,tooSmall,left,validRT,52,0,0,12.2115384615385,597.75
s12,1,tooSmall,left,trimmedRT,3,0,0,13.3333333333333,3256
s12,1,tooSmall,right,validRT,58,2,0.0344827586206897,21.051724137931,609.362068965517
s12,1,tooSmall,right,trimmedRT,3,3,1,28.3333333333333,1641.66666666667
s12,1,tooSmall,other,validRT,0,0,NaN,NaN,NaN
s12,1,tooSmall,other,trimmedRT,0,0,NaN,NaN,NaN
s12,1,unclassified,left,validRT,0,0,NaN,NaN,NaN
s12,1,unclassified,left,trimmedRT,0,0,NaN,NaN,NaN
s12,1,unclassified,right,validRT,0,0,NaN,NaN,NaN
s12,1,unclassified,right,trimmedRT,0,0,NaN,NaN,NaN
s12,1,unclassified,other,validRT,0,0,NaN,NaN,NaN
s12,1,unclassified,other,trimmedRT,0,0,NaN,NaN,NaN
s12,2,toward,left,validRT,76,0,0,13.1315789473684,531.855263157895
s12,2,toward,left,trimmedRT,1,0,0,3,1543
s12,2,toward,right,validRT,129,1,0.00775193798449612,10.4806201550388,475.84496124031
s12,2,toward,right,trimmedRT,2,1,0.5,14,1582.5
s12,2,toward,other,validRT,0,0,NaN,NaN,NaN
s12,2,toward,other,trimmedRT,0,0,NaN,NaN,NaN
s12,2,noMS,left,validRT,68,1,0.0147058823529412,13.1764705882353,504.264705882353
s12,2,noMS,left,trimmedRT,0,0,NaN,NaN,NaN
s12,2,noMS,right,validRT,55,1,0.0181818181818182,16.2909090909091,479.218181818182
s12,2,noMS,right,trimmedRT,1,1,1,3,1495
s12,2,noMS,other,validRT,0,0,NaN,NaN,NaN
s12,2,noMS,other,trimmedRT,0,0,NaN,NaN,NaN
s12,2,away,left,validRT,56,0,0,13.4285714285714,564.964285714286
s12,2,away,left,trimmedRT,1,1,1,27,2720
s12,2,away,right,validRT,31,0,0,13.9677419354839,483.354838709677
s12,2,away,right,trimmedRT,1,0,0,4,2646
s12,2,away,other,validRT,0,0,NaN,NaN,NaN
s12,2,away,other,trimmedRT,0,0,NaN,NaN,NaN
s12,2,tooSmall,left,validRT,98,0,0,11.2142857142857,513.632653061224
s12,2,tooSmall,left,trimmedRT,0,0,NaN,NaN,NaN
s12,2,tooSmall,right,validRT,80,0,0,13.175,498.8375
s12,2,tooSmall,right,trimmedRT,1,0,0,11,1520
s12,2,tooSmall,other,validRT,0,0,NaN,NaN,NaN
s12,2,tooSmall,other,trimmedRT,0,0,NaN,NaN,NaN
s12,2,unclassified,left,validRT,0,0,NaN,NaN,NaN
s12,2,unclassified,left,trimmedRT,0,0,NaN,NaN,NaN
s12,2,unclassified,right,validRT,0,0,NaN,NaN,NaN
s12,2,unclassified,right,trimmedRT,0,0,NaN,NaN,NaN
s12,2,unclassified,other,validRT,0,0,NaN,NaN,NaN
s12,2,unclassified,other,trimmedRT,0,0,NaN,NaN,NaN
s13,1,toward,left,validRT,73,2,0.0273972602739726,22.6164383561644,560.465753424658
s13,1,toward,left,trimmedRT,2,1,0.5,57,2998
s13,1,toward,right,validRT,111,13,0.117117117117117,20.4954954954955,591.162162162162
s13,1,toward,right,trimmedRT,1,0,0,68,1642
s13,1,toward,other,validRT,0,0,NaN,NaN,NaN
s13,1,toward,other,trimmedRT,0,0,NaN,NaN,NaN
s13,1,noMS,left,validRT,83,44,0.530120481927711,21.5903614457831,557.650602409639
s13,1,noMS,left,trimmedRT,4,4,1,43.25,1802.25
s13,1,noMS,right,validRT,94,51,0.542553191489362,23.8191489361702,557.925531914894
s13,1,noMS,right,trimmedRT,4,1,0.25,33.25,1849.75
s13,1,noMS,other,validRT,0,0,NaN,NaN,NaN
s13,1,noMS,other,trimmedRT,0,0,NaN,NaN,NaN
s13,1,away,left,validRT,83,6,0.072289156626506,15.8313253012048,554.409638554217
s13,1,away,left,trimmedRT,1,0,0,23,2885
s13,1,away,right,validRT,54,7,0.12962962962963,29.6666666666667,576.018518518518
s13,1,away,right,trimmedRT,3,1,0.333333333333333,46.6666666666667,1612.66666666667
s13,1,away,other,validRT,0,0,NaN,NaN,NaN
s13,1,away,other,trimmedRT,0,0,NaN,NaN,NaN
s13,1,tooSmall,left,validRT,50,4,0.08,21.5,550.54
s13,1,tooSmall,left,trimmedRT,4,1,0.25,32.75,1688.75
s13,1,tooSmall,right,validRT,31,5,0.161290322580645,20.5161290322581,598.645161290323
s13,1,tooSmall,right,trimmedRT,2,0,0,22,1935.5
s13,1,tooSmall,other,validRT,0,0,NaN,NaN,NaN
s13,1,tooSmall,other,trimmedRT,0,0,NaN,NaN,NaN
s13,1,unclassified,left,validRT,0,0,NaN,NaN,NaN
s13,1,unclassified,left,trimmedRT,0,0,NaN,NaN,NaN
s13,1,unclassified,right,validRT,0,0,NaN,NaN,NaN
s13,1,unclassified,right,trimmedRT,0,0,NaN,NaN,NaN
s13,1,unclassified,other,validRT,0,0,NaN,NaN,NaN
s13,1,unclassified,other,trimmedRT,0,0,NaN,NaN,NaN
s13,2,toward,left,validRT,71,12,0.169014084507042,25.9859154929577,492.830985915493
s13,2,toward,left,trimmedRT,4,2,0.5,18.75,1528.5
s13,2,toward,right,validRT,117,14,0.11965811965812,21.2307692307692,519.871794871795
s13,2,toward,right,trimmedRT,1,0,0,5,1450
s13,2,toward,other,validRT,0,0,NaN,NaN,NaN
s13,2,toward,other,trimmedRT,0,0,NaN,NaN,NaN
s13,2,noMS,left,validRT,104,54,0.519230769230769,20.7884615384615,513.471153846154
s13,2,noMS,left,trimmedRT,1,1,1,63,1756
s13,2,noMS,right,validRT,80,44,0.55,25.7,555.7625
s13,2,noMS,right,trimmedRT,4,2,0.5,21.25,1971.5
s13,2,noMS,other,validRT,0,0,NaN,NaN,NaN
s13,2,noMS,other,trimmedRT,0,0,NaN,NaN,NaN
s13,2,away,left,validRT,65,9,0.138461538461538,31.3538461538462,471.369230769231
s13,2,away,left,trimmedRT,2,2,1,9,1931.5
s13,2,away,right,validRT,43,9,0.209302325581395,22.6511627906977,492.697674418605
s13,2,away,right,trimmedRT,2,1,0.5,46.5,1790.5
s13,2,away,other,validRT,0,0,NaN,NaN,NaN
s13,2,away,other,trimmedRT,0,0,NaN,NaN,NaN
s13,2,tooSmall,left,validRT,53,19,0.358490566037736,30.5849056603774,500.924528301887
s13,2,tooSmall,left,trimmedRT,0,0,NaN,NaN,NaN
s13,2,tooSmall,right,validRT,53,17,0.320754716981132,26.8301886792453,538.320754716981
s13,2,tooSmall,right,trimmedRT,0,0,NaN,NaN,NaN
s13,2,tooSmall,other,validRT,0,0,NaN,NaN,NaN
s13,2,tooSmall,other,trimmedRT,0,0,NaN,NaN,NaN
s13,2,unclassified,left,validRT,0,0,NaN,NaN,NaN
s13,2,unclassified,left,trimmedRT,0,0,NaN,NaN,NaN
s13,2,unclassified,right,validRT,0,0,NaN,NaN,NaN
s13,2,unclassified,right,trimmedRT,0,0,NaN,NaN,NaN
s13,2,unclassified,other,validRT,0,0,NaN,NaN,NaN
s13,2,unclassified,other,trimmedRT,0,0,NaN,NaN,NaN
s14,1,toward,left,validRT,82,4,0.0487804878048781,17.0609756097561,1200.46341463415
s14,1,toward,left,trimmedRT,11,3,0.272727272727273,45.9090909090909,6433.90909090909
s14,1,toward,right,validRT,71,6,0.0845070422535211,13.5211267605634,1123.29577464789
s14,1,toward,right,trimmedRT,22,7,0.318181818181818,28.5,3738.31818181818
s14,1,toward,other,validRT,0,0,NaN,NaN,NaN
s14,1,toward,other,trimmedRT,0,0,NaN,NaN,NaN
s14,1,noMS,left,validRT,88,30,0.340909090909091,16.2272727272727,1248.23863636364
s14,1,noMS,left,trimmedRT,34,24,0.705882352941177,37.6176470588235,4627
s14,1,noMS,right,validRT,84,30,0.357142857142857,17.9166666666667,1338.21428571429
s14,1,noMS,right,trimmedRT,33,18,0.545454545454545,41.8181818181818,4969.78787878788
s14,1,noMS,other,validRT,0,0,NaN,NaN,NaN
s14,1,noMS,other,trimmedRT,0,0,NaN,NaN,NaN
s14,1,away,left,validRT,36,4,0.111111111111111,16.1388888888889,1273.47222222222
s14,1,away,left,trimmedRT,16,4,0.25,19.375,5676.25
s14,1,away,right,validRT,33,8,0.242424242424242,18.969696969697,1302.57575757576
s14,1,away,right,trimmedRT,11,3,0.272727272727273,33.2727272727273,4059.36363636364
s14,1,away,other,validRT,0,0,NaN,NaN,NaN
s14,1,away,other,trimmedRT,0,0,NaN,NaN,NaN
s14,1,tooSmall,left,validRT,25,7,0.28,20.16,1263.68
s14,1,tooSmall,left,trimmedRT,8,2,0.25,47.375,5761.375
s14,1,tooSmall,right,validRT,38,5,0.131578947368421,15.8947368421053,1160.44736842105
s14,1,tooSmall,right,trimmedRT,8,1,0.125,23.375,4984.875
s14,1,tooSmall,other,validRT,0,0,NaN,NaN,NaN
s14,1,tooSmall,other,trimmedRT,0,0,NaN,NaN,NaN
s14,1,unclassified,left,validRT,0,0,NaN,NaN,NaN
s14,1,unclassified,left,trimmedRT,0,0,NaN,NaN,NaN
s14,1,unclassified,right,validRT,0,0,NaN,NaN,NaN
s14,1,unclassified,right,trimmedRT,0,0,NaN,NaN,NaN
s14,1,unclassified,other,validRT,0,0,NaN,NaN,NaN
s14,1,unclassified,other,trimmedRT,0,0,NaN,NaN,NaN
s14,2,toward,left,validRT,98,7,0.0714285714285714,19.4285714285714,1032.4693877551
s14,2,toward,left,trimmedRT,8,2,0.25,34.75,3599.125
s14,2,toward,right,validRT,114,8,0.0701754385964912,13.3771929824561,972.859649122807
s14,2,toward,right,trimmedRT,6,2,0.333333333333333,58.1666666666667,5237.16666666667
s14,2,toward,other,validRT,0,0,NaN,NaN,NaN
s14,2,toward,other,trimmedRT,0,0,NaN,NaN,NaN
s14,2,noMS,left,validRT,75,10,0.133333333333333,24.64,1120.01333333333
s14,2,noMS,left,trimmedRT,19,9,0.473684210526316,38.7368421052632,5077.73684210526
s14,2,noMS,right,validRT,69,19,0.27536231884058,20.7391304347826,1191.66666666667
s14,2,noMS,right,trimmedRT,18,9,0.5,29.4444444444444,5089
s14,2,noMS,other,validRT,0,0,NaN,NaN,NaN
s14,2,noMS,other,trimmedRT,0,0,NaN,NaN,NaN
s14,2,away,left,validRT,34,3,0.0882352941176471,23.4411764705882,1191.73529411765
s14,2,away,left,trimmedRT,9,1,0.111111111111111,20.2222222222222,4265.33333333333
s14,2,away,right,validRT,43,6,0.13953488372093,23.2558139534884,1227.62790697674
s14,2,away,right,trimmedRT,7,2,0.285714285714286,46.2857142857143,3324
s14,2,away,other,validRT,0,0,NaN,NaN,NaN
s14,2,away,other,trimmedRT,0,0,NaN,NaN,NaN
s14,2,tooSmall,left,validRT,51,5,0.0980392156862745,15.2941176470588,1090.94117647059
s14,2,tooSmall,left,trimmedRT,6,3,0.5,46,3895.66666666667
s14,2,tooSmall,right,validRT,37,7,0.189189189189189,18.3783783783784,950.189189189189
s14,2,tooSmall,right,trimmedRT,6,3,0.5,81.6666666666667,4156.66666666667
s14,2,tooSmall,other,validRT,0,0,NaN,NaN,NaN
s14,2,tooSmall,other,trimmedRT,0,0,NaN,NaN,NaN
s14,2,unclassified,left,validRT,0,0,NaN,NaN,NaN
s14,2,unclassified,left,trimmedRT,0,0,NaN,NaN,NaN
s14,2,unclassified,right,validRT,0,0,NaN,NaN,NaN
s14,2,unclassified,right,trimmedRT,0,0,NaN,NaN,NaN
s14,2,unclassified,other,validRT,0,0,NaN,NaN,NaN
s14,2,unclassified,other,trimmedRT,0,0,NaN,NaN,NaN
s15,1,toward,left,validRT,93,6,0.0645161290322581,9.87096774193548,1212.1935483871
s15,1,toward,left,trimmedRT,8,1,0.125,6.5,2858.5
s15,1,toward,right,validRT,149,10,0.0671140939597315,8.80536912751678,1282.30872483221
s15,1,toward,right,trimmedRT,20,4,0.2,15.75,3392.8
s15,1,toward,other,validRT,0,0,NaN,NaN,NaN
s15,1,toward,other,trimmedRT,0,0,NaN,NaN,NaN
s15,1,noMS,left,validRT,23,6,0.260869565217391,11.0869565217391,1413.86956521739
s15,1,noMS,left,trimmedRT,6,1,0.166666666666667,14,2969
s15,1,noMS,right,validRT,35,16,0.457142857142857,10.3714285714286,1535.91428571429
s15,1,noMS,right,trimmedRT,5,1,0.2,38,2995.2
s15,1,noMS,other,validRT,0,0,NaN,NaN,NaN
s15,1,noMS,other,trimmedRT,0,0,NaN,NaN,NaN
s15,1,away,left,validRT,64,5,0.078125,13.09375,1281.734375
s15,1,away,left,trimmedRT,6,0,0,17.8333333333333,3569.16666666667
s15,1,away,right,validRT,23,1,0.0434782608695652,10.2608695652174,1310.34782608696
s15,1,away,right,trimmedRT,1,0,0,32,2569
s15,1,away,other,validRT,0,0,NaN,NaN,NaN
s15,1,away,other,trimmedRT,0,0,NaN,NaN,NaN
s15,1,tooSmall,left,validRT,92,12,0.130434782608696,9.56521739130435,1245.65217391304
s15,1,tooSmall,left,trimmedRT,8,0,0,25.375,2853
s15,1,tooSmall,right,validRT,63,8,0.126984126984127,7.77777777777778,1337.33333333333
s15,1,tooSmall,right,trimmedRT,4,0,0,10.25,3525.75
s15,1,tooSmall,other,validRT,0,0,NaN,NaN,NaN
s15,1,tooSmall,other,trimmedRT,0,0,NaN,NaN,NaN
s15,1,unclassified,left,validRT,0,0,NaN,NaN,NaN
s15,1,unclassified,left,trimmedRT,0,0,NaN,NaN,NaN
s15,1,unclassified,right,validRT,0,0,NaN,NaN,NaN
s15,1,unclassified,right,trimmedRT,0,0,NaN,NaN,NaN
s15,1,unclassified,other,validRT,0,0,NaN,NaN,NaN
s15,1,unclassified,other,trimmedRT,0,0,NaN,NaN,NaN
s15,2,toward,left,validRT,75,1,0.0133333333333333,9.37333333333333,921.12
s15,2,toward,left,trimmedRT,2,0,0,47,4225.5
s15,2,toward,right,validRT,184,5,0.0271739130434783,10.570652173913,890.505434782609
s15,2,toward,right,trimmedRT,4,0,0,36,3642.75
s15,2,toward,other,validRT,0,0,NaN,NaN,NaN
s15,2,toward,other,trimmedRT,0,0,NaN,NaN,NaN
s15,2,noMS,left,validRT,37,2,0.0540540540540541,9.78378378378378,863.513513513514
s15,2,noMS,left,trimmedRT,0,0,NaN,NaN,NaN
s15,2,noMS,right,validRT,26,4,0.153846153846154,7.73076923076923,876.153846153846
s15,2,noMS,right,trimmedRT,0,0,NaN,NaN,NaN
s15,2,noMS,other,validRT,0,0,NaN,NaN,NaN
s15,2,noMS,other,trimmedRT,0,0,NaN,NaN,NaN
s15,2,away,left,validRT,71,1,0.0140845070422535,10.8732394366197,797
s15,2,away,left,trimmedRT,0,0,NaN,NaN,NaN
s15,2,away,right,validRT,13,1,0.0769230769230769,6.92307692307692,954.923076923077
s15,2,away,right,trimmedRT,0,0,NaN,NaN,NaN
s15,2,away,other,validRT,0,0,NaN,NaN,NaN
s15,2,away,other,trimmedRT,0,0,NaN,NaN,NaN
s15,2,tooSmall,left,validRT,114,8,0.0701754385964912,10.2017543859649,900.219298245614
s15,2,tooSmall,left,trimmedRT,1,0,0,66,4069
s15,2,tooSmall,right,validRT,72,6,0.0833333333333333,8.54166666666667,932.513888888889
s15,2,tooSmall,right,trimmedRT,1,0,0,1,2923
s15,2,tooSmall,other,validRT,0,0,NaN,NaN,NaN
s15,2,tooSmall,other,trimmedRT,0,0,NaN,NaN,NaN
s15,2,unclassified,left,validRT,0,0,NaN,NaN,NaN
s15,2,unclassified,left,trimmedRT,0,0,NaN,NaN,NaN
s15,2,unclassified,right,validRT,0,0,NaN,NaN,NaN
s15,2,unclassified,right,trimmedRT,0,0,NaN,NaN,NaN
s15,2,unclassified,other,validRT,0,0,NaN,NaN,NaN
s15,2,unclassified,other,trimmedRT,0,0,NaN,NaN,NaN
s16,1,toward,left,validRT,45,0,0,18.3333333333333,560.866666666667
s16,1,toward,left,trimmedRT,1,0,0,78,1570
s16,1,toward,right,validRT,43,0,0,17.8604651162791,647.395348837209
s16,1,toward,right,trimmedRT,1,0,0,81,1614
s16,1,toward,other,validRT,0,0,NaN,NaN,NaN
s16,1,toward,other,trimmedRT,0,0,NaN,NaN,NaN
s16,1,noMS,left,validRT,118,1,0.00847457627118644,15.0593220338983,582.033898305085
s16,1,noMS,left,trimmedRT,3,0,0,39.3333333333333,1510.66666666667
s16,1,noMS,right,validRT,115,1,0.00869565217391304,14.4173913043478,642.852173913043
s16,1,noMS,right,trimmedRT,4,0,0,27.5,1322.5
s16,1,noMS,other,validRT,0,0,NaN,NaN,NaN
s16,1,noMS,other,trimmedRT,0,0,NaN,NaN,NaN
s16,1,away,left,validRT,30,0,0,19.6333333333333,538.9
s16,1,away,left,trimmedRT,1,0,0,1,1323
s16,1,away,right,validRT,28,0,0,11.8928571428571,621.678571428571
s16,1,away,right,trimmedRT,1,0,0,64,1304
s16,1,away,other,validRT,0,0,NaN,NaN,NaN
s16,1,away,other,trimmedRT,0,0,NaN,NaN,NaN
s16,1,tooSmall,left,validRT,99,0,0,15.8080808080808,604.414141414141
s16,1,tooSmall,left,trimmedRT,3,0,0,35.3333333333333,1771
s16,1,tooSmall,right,validRT,106,0,0,15.9245283018868,655.5
s16,1,tooSmall,right,trimmedRT,2,0,0,60,1418.5
s16,1,tooSmall,other,validRT,0,0,NaN,NaN,NaN
s16,1,tooSmall,other,trimmedRT,0,0,NaN,NaN,NaN
s16,1,unclassified,left,validRT,0,0,NaN,NaN,NaN
s16,1,unclassified,left,trimmedRT,0,0,NaN,NaN,NaN
s16,1,unclassified,right,validRT,0,0,NaN,NaN,NaN
s16,1,unclassified,right,trimmedRT,0,0,NaN,NaN,NaN
s16,1,unclassified,other,validRT,0,0,NaN,NaN,NaN
s16,1,unclassified,other,trimmedRT,0,0,NaN,NaN,NaN
s16,2,toward,left,validRT,62,0,0,15.4677419354839,590.129032258065
s16,2,toward,left,trimmedRT,2,0,0,47.5,1528
s16,2,toward,right,validRT,60,1,0.0166666666666667,19.6666666666667,644.683333333333
s16,2,toward,right,trimmedRT,4,0,0,33.75,1326.25
s16,2,toward,other,validRT,0,0,NaN,NaN,NaN
s16,2,toward,other,trimmedRT,0,0,NaN,NaN,NaN
s16,2,noMS,left,validRT,120,5,0.0416666666666667,19.8666666666667,576.858333333333
s16,2,noMS,left,trimmedRT,1,0,0,8,1426
s16,2,noMS,right,validRT,101,3,0.0297029702970297,24.1485148514851,640.336633663366
s16,2,noMS,right,trimmedRT,8,1,0.125,44.125,1604.75
s16,2,noMS,other,validRT,0,0,NaN,NaN,NaN
s16,2,noMS,other,trimmedRT,0,0,NaN,NaN,NaN
s16,2,away,left,validRT,28,1,0.0357142857142857,8.89285714285714,549.678571428571
s16,2,away,left,trimmedRT,1,0,0,16,2079
s16,2,away,right,validRT,37,0,0,23.1081081081081,625.810810810811
s16,2,away,right,trimmedRT,3,0,0,36.3333333333333,1445
s16,2,away,other,validRT,0,0,NaN,NaN,NaN
s16,2,away,other,trimmedRT,0,0,NaN,NaN,NaN
s16,2,tooSmall,left,validRT,86,3,0.0348837209302326,19.8023255813953,582.581395348837
s16,2,tooSmall,left,trimmedRT,0,0,NaN,NaN,NaN
s16,2,tooSmall,right,validRT,83,4,0.0481927710843374,22.9518072289157,671.048192771084
s16,2,tooSmall,right,trimmedRT,4,0,0,28.5,1414.25
s16,2,tooSmall,other,validRT,0,0,NaN,NaN,NaN
s16,2,tooSmall,other,trimmedRT,0,0,NaN,NaN,NaN
s16,2,unclassified,left,validRT,0,0,NaN,NaN,NaN
s16,2,unclassified,left,trimmedRT,0,0,NaN,NaN,NaN
s16,2,unclassified,right,validRT,0,0,NaN,NaN,NaN
s16,2,unclassified,right,trimmedRT,0,0,NaN,NaN,NaN
s16,2,unclassified,other,validRT,0,0,NaN,NaN,NaN
s16,2,unclassified,other,trimmedRT,0,0,NaN,NaN,NaN
s17,1,toward,left,validRT,55,0,0,12.1090909090909,921.636363636364
s17,1,toward,left,trimmedRT,0,0,NaN,NaN,NaN
s17,1,toward,right,validRT,74,1,0.0135135135135135,9.21621621621622,891.635135135135
s17,1,toward,right,trimmedRT,5,0,0,40.2,2227.2
s17,1,toward,other,validRT,0,0,NaN,NaN,NaN
s17,1,toward,other,trimmedRT,0,0,NaN,NaN,NaN
s17,1,noMS,left,validRT,98,17,0.173469387755102,12.8265306122449,943.755102040816
s17,1,noMS,left,trimmedRT,7,0,0,25.2857142857143,2361
s17,1,noMS,right,validRT,99,20,0.202020202020202,14.3939393939394,959.484848484848
s17,1,noMS,right,trimmedRT,3,0,0,23,2487.66666666667
s17,1,noMS,other,validRT,0,0,NaN,NaN,NaN
s17,1,noMS,other,trimmedRT,0,0,NaN,NaN,NaN
s17,1,away,left,validRT,38,0,0,15.3157894736842,977.184210526316
s17,1,away,left,trimmedRT,1,0,0,6,2295
s17,1,away,right,validRT,33,1,0.0303030303030303,11.5454545454545,920.606060606061
s17,1,away,right,trimmedRT,2,0,0,13,2373
s17,1,away,other,validRT,0,0,NaN,NaN,NaN
s17,1,away,other,trimmedRT,0,0,NaN,NaN,NaN
s17,1,tooSmall,left,validRT,97,8,0.0824742268041237,11.6185567010309,920.587628865979
s17,1,tooSmall,left,trimmedRT,4,1,0.25,45.25,2280.5
s17,1,tooSmall,right,validRT,79,6,0.0759493670886076,14.2151898734177,966.645569620253
s17,1,tooSmall,right,trimmedRT,5,2,0.4,26.8,2133.8
s17,1,tooSmall,other,validRT,0,0,NaN,NaN,NaN
s17,1,tooSmall,other,trimmedRT,0,0,NaN,NaN,NaN
s17,1,unclassified,left,validRT,0,0,NaN,NaN,NaN
s17,1,unclassified,left,trimmedRT,0,0,NaN,NaN,NaN
s17,1,unclassified,right,validRT,0,0,NaN,NaN,NaN
s17,1,unclassified,right,trimmedRT,0,0,NaN,NaN,NaN
s17,1,unclassified,other,validRT,0,0,NaN,NaN,NaN
s17,1,unclassified,other,trimmedRT,0,0,NaN,NaN,NaN
s17,2,toward,left,validRT,53,0,0,11.9433962264151,804.622641509434
s17,2,toward,left,trimmedRT,2,0,0,20.5,2029.5
s17,2,toward,right,validRT,95,0,0,11.8631578947368,727.957894736842
s17,2,toward,right,trimmedRT,1,0,0,64,1954
s17,2,toward,other,validRT,0,0,NaN,NaN,NaN
s17,2,toward,other,trimmedRT,0,0,NaN,NaN,NaN
s17,2,noMS,left,validRT,122,24,0.19672131147541,9.81967213114754,782.073770491803
s17,2,noMS,left,trimmedRT,5,2,0.4,52.4,2704.4
s17,2,noMS,right,validRT,112,20,0.178571428571429,10.4375,707.901785714286
s17,2,noMS,right,trimmedRT,5,2,0.4,20.8,2186
s17,2,noMS,other,validRT,0,0,NaN,NaN,NaN
s17,2,noMS,other,trimmedRT,0,0,NaN,NaN,NaN
s17,2,away,left,validRT,32,5,0.15625,13.15625,702.375
s17,2,away,left,trimmedRT,3,0,0,36,2616.66666666667
s17,2,away,right,validRT,33,3,0.0909090909090909,10.2121212121212,851.636363636364
s17,2,away,right,trimmedRT,2,0,0,42,2343.5
s17,2,away,other,validRT,0,0,NaN,NaN,NaN
s17,2,away,other,trimmedRT,0,0,NaN,NaN,NaN
s17,2,tooSmall,left,validRT,82,8,0.0975609756097561,11.1341463414634,825.40243902439
s17,2,tooSmall,left,trimmedRT,1,0,0,80,2577
s17,2,tooSmall,right,validRT,52,7,0.134615384615385,14.7884615384615,738.557692307692
s17,2,tooSmall,right,trimmedRT,0,0,NaN,NaN,NaN
s17,2,tooSmall,other,validRT,0,0,NaN,NaN,NaN
s17,2,tooSmall,other,trimmedRT,0,0,NaN,NaN,NaN
s17,2,unclassified,left,validRT,0,0,NaN,NaN,NaN
s17,2,unclassified,left,trimmedRT,0,0,NaN,NaN,NaN
s17,2,unclassified,right,validRT,0,0,NaN,NaN,NaN
s17,2,unclassified,right,trimmedRT,0,0,NaN,NaN,NaN
s17,2,unclassified,other,validRT,0,0,NaN,NaN,NaN
s17,2,unclassified,other,trimmedRT,0,0,NaN,NaN,NaN
s18,1,toward,left,validRT,70,5,0.0714285714285714,17.5428571428571,871.314285714286
s18,1,toward,left,trimmedRT,5,1,0.2,50.4,2910.2
s18,1,toward,right,validRT,94,10,0.106382978723404,15.5212765957447,888.893617021277
s18,1,toward,right,trimmedRT,6,5,0.833333333333333,25.3333333333333,3075.16666666667
s18,1,toward,other,validRT,0,0,NaN,NaN,NaN
s18,1,toward,other,trimmedRT,0,0,NaN,NaN,NaN
s18,1,noMS,left,validRT,116,63,0.543103448275862,15.0344827586207,934.844827586207
s18,1,noMS,left,trimmedRT,8,4,0.5,20.5,2819.125
s18,1,noMS,right,validRT,106,58,0.547169811320755,16.6792452830189,917.764150943396
s18,1,noMS,right,trimmedRT,8,6,0.75,27.75,3229.75
s18,1,noMS,other,validRT,0,0,NaN,NaN,NaN
s18,1,noMS,other,trimmedRT,0,0,NaN,NaN,NaN
s18,1,away,left,validRT,38,8,0.210526315789474,17.3684210526316,928.5
s18,1,away,left,trimmedRT,0,0,NaN,NaN,NaN
s18,1,away,right,validRT,33,10,0.303030303030303,15.3636363636364,916.727272727273
s18,1,away,right,trimmedRT,5,2,0.4,28.6,2582.8
s18,1,away,other,validRT,0,0,NaN,NaN,NaN
s18,1,away,other,trimmedRT,0,0,NaN,NaN,NaN
s18,1,tooSmall,left,validRT,58,10,0.172413793103448,17.6551724137931,908.620689655172
s18,1,tooSmall,left,trimmedRT,5,3,0.6,17.8,2860.6
s18,1,tooSmall,right,validRT,47,19,0.404255319148936,18.2553191489362,957.297872340426
s18,1,tooSmall,right,trimmedRT,1,1,1,38,2548
s18,1,tooSmall,other,validRT,0,0,NaN,NaN,NaN
s18,1,tooSmall,other,trimmedRT,0,0,NaN,NaN,NaN
s18,1,unclassified,left,validRT,0,0,NaN,NaN,NaN
s18,1,unclassified,left,trimmedRT,0,0,NaN,NaN,NaN
s18,1,unclassified,right,validRT,0,0,NaN,NaN,NaN
s18,1,unclassified,right,trimmedRT,0,0,NaN,NaN,NaN
s18,1,unclassified,other,validRT,0,0,NaN,NaN,NaN
s18,1,unclassified,other,trimmedRT,0,0,NaN,NaN,NaN
s18,2,toward,left,validRT,64,2,0.03125,10.515625,785
s18,2,toward,left,trimmedRT,4,0,0,27.75,3174
s18,2,toward,right,validRT,116,5,0.0431034482758621,13.0344827586207,859.155172413793
s18,2,toward,right,trimmedRT,7,1,0.142857142857143,23.1428571428571,2959
s18,2,toward,other,validRT,0,0,NaN,NaN,NaN
s18,2,toward,other,trimmedRT,0,0,NaN,NaN,NaN
s18,2,noMS,left,validRT,128,50,0.390625,15.796875,923.90625
s18,2,noMS,left,trimmedRT,10,7,0.7,29.1,2778.8
s18,2,noMS,right,validRT,103,54,0.524271844660194,16.9611650485437,918.368932038835
s18,2,noMS,right,trimmedRT,10,7,0.7,19.9,3404.5
s18,2,noMS,other,validRT,0,0,NaN,NaN,NaN
s18,2,noMS,other,trimmedRT,0,0,NaN,NaN,NaN
s18,2,away,left,validRT,26,4,0.153846153846154,16.9230769230769,800.192307692308
s18,2,away,left,trimmedRT,2,0,0,36,2749
s18,2,away,right,validRT,19,5,0.263157894736842,14.9473684210526,740.263157894737
s18,2,away,right,trimmedRT,2,0,0,12.5,2656.5
s18,2,away,other,validRT,0,0,NaN,NaN,NaN
s18,2,away,other,trimmedRT,0,0,NaN,NaN,NaN
s18,2,tooSmall,left,validRT,60,15,0.25,15.6666666666667,816.25
s18,2,tooSmall,left,trimmedRT,6,2,0.333333333333333,25.3333333333333,3015.33333333333
s18,2,tooSmall,right,validRT,39,13,0.333333333333333,16.7179487179487,956.717948717949
s18,2,tooSmall,right,trimmedRT,4,2,0.5,30.5,3079.5
s18,2,tooSmall,other,validRT,0,0,NaN,NaN,NaN
s18,2,tooSmall,other,trimmedRT,0,0,NaN,NaN,NaN
s18,2,unclassified,left,validRT,0,0,NaN,NaN,NaN
s18,2,unclassified,left,trimmedRT,0,0,NaN,NaN,NaN
s18,2,unclassified,right,validRT,0,0,NaN,NaN,NaN
s18,2,unclassified,right,trimmedRT,0,0,NaN,NaN,NaN
s18,2,unclassified,other,validRT,0,0,NaN,NaN,NaN
s18,2,unclassified,other,trimmedRT,0,0,NaN,NaN,NaN
s19,1,toward,left,validRT,39,0,0,12.9487179487179,522.820512820513
s19,1,toward,left,trimmedRT,1,0,0,7,1269
s19,1,toward,right,validRT,34,1,0.0294117647058824,13.5294117647059,562.470588235294
s19,1,toward,right,trimmedRT,0,0,NaN,NaN,NaN
s19,1,toward,other,validRT,0,0,NaN,NaN,NaN
s19,1,toward,other,trimmedRT,0,0,NaN,NaN,NaN
s19,1,noMS,left,validRT,128,1,0.0078125,12.453125,510.09375
s19,1,noMS,left,trimmedRT,4,0,0,11.5,1134.5
s19,1,noMS,right,validRT,141,6,0.0425531914893617,10.5815602836879,536.659574468085
s19,1,noMS,right,trimmedRT,8,0,0,27.5,989.5
s19,1,noMS,other,validRT,0,0,NaN,NaN,NaN
s19,1,noMS,other,trimmedRT,0,0,NaN,NaN,NaN
s19,1,away,left,validRT,31,0,0,11.5161290322581,497.58064516129
s19,1,away,left,trimmedRT,2,0,0,19,1086.5
s19,1,away,right,validRT,18,0,0,7.38888888888889,538.944444444444
s19,1,away,right,trimmedRT,1,0,0,14,1167
s19,1,away,other,validRT,0,0,NaN,NaN,NaN
s19,1,away,other,trimmedRT,0,0,NaN,NaN,NaN
s19,1,tooSmall,left,validRT,93,2,0.021505376344086,10.5161290322581,488.666666666667
s19,1,tooSmall,left,trimmedRT,2,0,0,12.5,951.5
s19,1,tooSmall,right,validRT,95,4,0.0421052631578947,10.7789473684211,541.221052631579
s19,1,tooSmall,right,trimmedRT,3,0,0,35,1057.66666666667
s19,1,tooSmall,other,validRT,0,0,NaN,NaN,NaN
s19,1,tooSmall,other,trimmedRT,0,0,NaN,NaN,NaN
s19,1,unclassified,left,validRT,0,0,NaN,NaN,NaN
s19,1,unclassified,left,trimmedRT,0,0,NaN,NaN,NaN
s19,1,unclassified,right,validRT,0,0,NaN,NaN,NaN
s19,1,unclassified,right,trimmedRT,0,0,NaN,NaN,NaN
s19,1,unclassified,other,validRT,0,0,NaN,NaN,NaN
s19,1,unclassified,other,trimmedRT,0,0,NaN,NaN,NaN
s19,2,toward,left,validRT,39,1,0.0256410256410256,11.4871794871795,497.358974358974
s19,2,toward,left,trimmedRT,0,0,NaN,NaN,NaN
s19,2,toward,right,validRT,31,1,0.032258064516129,10.3870967741935,490.193548387097
s19,2,toward,right,trimmedRT,1,0,0,77,981
s19,2,toward,other,validRT,0,0,NaN,NaN,NaN
s19,2,toward,other,trimmedRT,0,0,NaN,NaN,NaN
s19,2,noMS,left,validRT,123,3,0.024390243902439,10.8130081300813,458.853658536585
s19,2,noMS,left,trimmedRT,2,0,0,7,899.5
s19,2,noMS,right,validRT,136,4,0.0294117647058824,8.02205882352941,466.360294117647
s19,2,noMS,right,trimmedRT,1,0,0,88,853
s19,2,noMS,other,validRT,0,0,NaN,NaN,NaN
s19,2,noMS,other,trimmedRT,0,0,NaN,NaN,NaN
s19,2,away,left,validRT,21,2,0.0952380952380952,12.6666666666667,505.952380952381
s19,2,away,left,trimmedRT,0,0,NaN,NaN,NaN
s19,2,away,right,validRT,17,0,0,8.94117647058824,491.705882352941
s19,2,away,right,trimmedRT,1,0,0,7,880
s19,2,away,other,validRT,0,0,NaN,NaN,NaN
s19,2,away,other,trimmedRT,0,0,NaN,NaN,NaN
s19,2,tooSmall,left,validRT,113,3,0.0265486725663717,8.72566371681416,455.345132743363
s19,2,tooSmall,left,trimmedRT,2,0,0,21,843
s19,2,tooSmall,right,validRT,113,1,0.00884955752212389,8.1858407079646,458.628318584071
s19,2,tooSmall,right,trimmedRT,0,0,NaN,NaN,NaN
s19,2,tooSmall,other,validRT,0,0,NaN,NaN,NaN
s19,2,tooSmall,other,trimmedRT,0,0,NaN,NaN,NaN
s19,2,unclassified,left,validRT,0,0,NaN,NaN,NaN
s19,2,unclassified,left,trimmedRT,0,0,NaN,NaN,NaN
s19,2,unclassified,right,validRT,0,0,NaN,NaN,NaN
s19,2,unclassified,right,trimmedRT,0,0,NaN,NaN,NaN
s19,2,unclassified,other,validRT,0,0,NaN,NaN,NaN
s19,2,unclassified,other,trimmedRT,0,0,NaN,NaN,NaN
s20,1,toward,left,validRT,96,0,0,10.4583333333333,551.708333333333
s20,1,toward,left,trimmedRT,2,0,0,9.5,1977.5
s20,1,toward,right,validRT,48,0,0,12.125,594.125
s20,1,toward,right,trimmedRT,0,0,NaN,NaN,NaN
s20,1,toward,other,validRT,0,0,NaN,NaN,NaN
s20,1,toward,other,trimmedRT,0,0,NaN,NaN,NaN
s20,1,noMS,left,validRT,90,2,0.0222222222222222,9.21111111111111,538.222222222222
s20,1,noMS,left,trimmedRT,0,0,NaN,NaN,NaN
s20,1,noMS,right,validRT,121,2,0.0165289256198347,8.50413223140496,579.347107438017
s20,1,noMS,right,trimmedRT,0,0,NaN,NaN,NaN
s20,1,noMS,other,validRT,0,0,NaN,NaN,NaN
s20,1,noMS,other,trimmedRT,0,0,NaN,NaN,NaN
s20,1,away,left,validRT,49,0,0,11.3877551020408,573.979591836735
s20,1,away,left,trimmedRT,0,0,NaN,NaN,NaN
s20,1,away,right,validRT,60,1,0.0166666666666667,13.8166666666667,615.5
s20,1,away,right,trimmedRT,3,0,0,13.3333333333333,2118
s20,1,away,other,validRT,0,0,NaN,NaN,NaN
s20,1,away,other,trimmedRT,0,0,NaN,NaN,NaN
s20,1,tooSmall,left,validRT,63,1,0.0158730158730159,11.4126984126984,517.936507936508
s20,1,tooSmall,left,trimmedRT,0,0,NaN,NaN,NaN
s20,1,tooSmall,right,validRT,67,1,0.0149253731343284,11.4626865671642,569.492537313433
s20,1,tooSmall,right,trimmedRT,1,0,0,31,1423
s20,1,tooSmall,other,validRT,0,0,NaN,NaN,NaN
s20,1,tooSmall,other,trimmedRT,0,0,NaN,NaN,NaN
s20,1,unclassified,left,validRT,0,0,NaN,NaN,NaN
s20,1,unclassified,left,trimmedRT,0,0,NaN,NaN,NaN
s20,1,unclassified,right,validRT,0,0,NaN,NaN,NaN
s20,1,unclassified,right,trimmedRT,0,0,NaN,NaN,NaN
s20,1,unclassified,other,validRT,0,0,NaN,NaN,NaN
s20,1,unclassified,other,trimmedRT,0,0,NaN,NaN,NaN
s20,2,toward,left,validRT,88,0,0,16.3181818181818,551.545454545455
s20,2,toward,left,trimmedRT,5,0,0,26,1517.4
s20,2,toward,right,validRT,48,0,0,12.8541666666667,576.645833333333
s20,2,toward,right,trimmedRT,10,1,0.1,51.2,1846.1
s20,2,toward,other,validRT,0,0,NaN,NaN,NaN
s20,2,toward,other,trimmedRT,0,0,NaN,NaN,NaN
s20,2,noMS,left,validRT,90,0,0,8.52222222222222,510.977777777778
s20,2,noMS,left,trimmedRT,6,0,0,31.5,1516.5
s20,2,noMS,right,validRT,100,0,0,9.96,540.24
s20,2,noMS,right,trimmedRT,2,0,0,12.5,1882.5
s20,2,noMS,other,validRT,0,0,NaN,NaN,NaN
s20,2,noMS,other,trimmedRT,0,0,NaN,NaN,NaN
s20,2,away,left,validRT,48,0,0,14.4166666666667,500
s20,2,away,left,trimmedRT,4,0,0,45.25,1674.5
s20,2,away,right,validRT,66,0,0,17.9242424242424,577.090909090909
s20,2,away,right,trimmedRT,5,0,0,63,1885.4
s20,2,away,other,validRT,0,0,NaN,NaN,NaN
s20,2,away,other,trimmedRT,0,0,NaN,NaN,NaN
s20,2,tooSmall,left,validRT,59,0,0,15.135593220339,506.067796610169
s20,2,tooSmall,left,trimmedRT,0,0,NaN,NaN,NaN
s20,2,tooSmall,right,validRT,68,0,0,10.4117647058824,550.352941176471
s20,2,tooSmall,right,trimmedRT,1,0,0,15,1332
s20,2,tooSmall,other,validRT,0,0,NaN,NaN,NaN
s20,2,tooSmall,other,trimmedRT,0,0,NaN,NaN,NaN
s20,2,unclassified,left,validRT,0,0,NaN,NaN,NaN
s20,2,unclassified,left,trimmedRT,0,0,NaN,NaN,NaN
s20,2,unclassified,right,validRT,0,0,NaN,NaN,NaN
s20,2,unclassified,right,trimmedRT,0,0,NaN,NaN,NaN
s20,2,unclassified,other,validRT,0,0,NaN,NaN,NaN
s20,2,unclassified,other,trimmedRT,0,0,NaN,NaN,NaN
s21,1,toward,left,validRT,40,1,0.025,23.4,791.025
s21,1,toward,left,trimmedRT,7,0,0,35.2857142857143,2200.71428571429
s21,1,toward,right,validRT,87,1,0.0114942528735632,15.9770114942529,747.114942528736
s21,1,toward,right,trimmedRT,5,0,0,22.4,1943
s21,1,toward,other,validRT,0,0,NaN,NaN,NaN
s21,1,toward,other,trimmedRT,0,0,NaN,NaN,NaN
s21,1,noMS,left,validRT,113,0,0,19.1327433628319,818.548672566372
s21,1,noMS,left,trimmedRT,10,0,0,21,1825
s21,1,noMS,right,validRT,108,1,0.00925925925925926,19.4907407407407,757.518518518518
s21,1,noMS,right,trimmedRT,3,0,0,16.3333333333333,1752.66666666667
s21,1,noMS,other,validRT,0,0,NaN,NaN,NaN
s21,1,noMS,other,trimmedRT,0,0,NaN,NaN,NaN
s21,1,away,left,validRT,18,0,0,26.6111111111111,832.166666666667
s21,1,away,left,trimmedRT,0,0,NaN,NaN,NaN
s21,1,away,right,validRT,18,0,0,13.6666666666667,695.5
s21,1,away,right,trimmedRT,0,0,NaN,NaN,NaN
s21,1,away,other,validRT,0,0,NaN,NaN,NaN
s21,1,away,other,trimmedRT,0,0,NaN,NaN,NaN
s21,1,tooSmall,left,validRT,109,0,0,17.7064220183486,847.376146788991
s21,1,tooSmall,left,trimmedRT,3,0,0,30,2020.33333333333
s21,1,tooSmall,right,validRT,77,0,0,16.9090909090909,761.246753246753
s21,1,tooSmall,right,trimmedRT,2,0,0,19.5,1890
s21,1,tooSmall,other,validRT,0,0,NaN,NaN,NaN
s21,1,tooSmall,other,trimmedRT,0,0,NaN,NaN,NaN
s21,1,unclassified,left,validRT,0,0,NaN,NaN,NaN
s21,1,unclassified,left,trimmedRT,0,0,NaN,NaN,NaN
s21,1,unclassified,right,validRT,0,0,NaN,NaN,NaN
s21,1,unclassified,right,trimmedRT,0,0,NaN,NaN,NaN
s21,1,unclassified,other,validRT,0,0,NaN,NaN,NaN
s21,1,unclassified,other,trimmedRT,0,0,NaN,NaN,NaN
s21,2,toward,left,validRT,85,0,0,17.8117647058824,706.823529411765
s21,2,toward,left,trimmedRT,1,0,0,68,1655
s21,2,toward,right,validRT,156,1,0.00641025641025641,14.8782051282051,607.826923076923
s21,2,toward,right,trimmedRT,5,1,0.2,42.8,1974.6
s21,2,toward,other,validRT,0,0,NaN,NaN,NaN
s21,2,toward,other,trimmedRT,0,0,NaN,NaN,NaN
s21,2,noMS,left,validRT,64,0,0,14.296875,604.046875
s21,2,noMS,left,trimmedRT,1,0,0,80,1798
s21,2,noMS,right,validRT,46,0,0,12.5217391304348,604.934782608696
s21,2,noMS,right,trimmedRT,3,2,0.666666666666667,32.6666666666667,3107
s21,2,noMS,other,validRT,0,0,NaN,NaN,NaN
s21,2,noMS,other,trimmedRT,0,0,NaN,NaN,NaN
s21,2,away,left,validRT,67,0,0,11.8955223880597,577.641791044776
s21,2,away,left,trimmedRT,1,0,0,11,1917
s21,2,away,right,validRT,24,1,0.0416666666666667,15.125,685.541666666667
s21,2,away,right,trimmedRT,2,0,0,51.5,1795
s21,2,away,other,validRT,0,0,NaN,NaN,NaN
s21,2,away,other,trimmedRT,0,0,NaN,NaN,NaN
s21,2,tooSmall,left,validRT,80,0,0,14.5125,646.375
s21,2,tooSmall,left,trimmedRT,1,0,0,85,2203
s21,2,tooSmall,right,validRT,63,1,0.0158730158730159,15.9047619047619,618.206349206349
s21,2,tooSmall,right,trimmedRT,1,0,0,15,1844
s21,2,tooSmall,other,validRT,0,0,NaN,NaN,NaN
s21,2,tooSmall,other,trimmedRT,0,0,NaN,NaN,NaN
s21,2,unclassified,left,validRT,0,0,NaN,NaN,NaN
s21,2,unclassified,left,trimmedRT,0,0,NaN,NaN,NaN
s21,2,unclassified,right,validRT,0,0,NaN,NaN,NaN
s21,2,unclassified,right,trimmedRT,0,0,NaN,NaN,NaN
s21,2,unclassified,other,validRT,0,0,NaN,NaN,NaN
s21,2,unclassified,other,trimmedRT,0,0,NaN,NaN,NaN
s22,1,toward,left,validRT,103,0,0,9.67961165048544,701.242718446602
s22,1,toward,left,trimmedRT,4,0,0,4.75,1699.5
s22,1,toward,right,validRT,114,0,0,8.7719298245614,702.122807017544
s22,1,toward,right,trimmedRT,4,0,0,27.75,1468.25
s22,1,toward,other,validRT,0,0,NaN,NaN,NaN
s22,1,toward,other,trimmedRT,0,0,NaN,NaN,NaN
s22,1,noMS,left,validRT,63,0,0,8.36507936507937,618.238095238095
s22,1,noMS,left,trimmedRT,2,0,0,3,1383
s22,1,noMS,right,validRT,47,0,0,9.48936170212766,648.148936170213
s22,1,noMS,right,trimmedRT,1,0,0,18,1452
s22,1,noMS,other,validRT,0,0,NaN,NaN,NaN
s22,1,noMS,other,trimmedRT,0,0,NaN,NaN,NaN
s22,1,away,left,validRT,55,0,0,10.7636363636364,627.236363636364
s22,1,away,left,trimmedRT,1,0,0,16,1287
s22,1,away,right,validRT,53,0,0,11.8679245283019,705.603773584906
s22,1,away,right,trimmedRT,5,1,0.2,14.8,1701.2
s22,1,away,other,validRT,0,0,NaN,NaN,NaN
s22,1,away,other,trimmedRT,0,0,NaN,NaN,NaN
s22,1,tooSmall,left,validRT,70,0,0,8.91428571428571,653.9
s22,1,tooSmall,left,trimmedRT,2,0,0,2.5,1944
s22,1,tooSmall,right,validRT,73,0,0,10.5068493150685,694.068493150685
s22,1,tooSmall,right,trimmedRT,3,0,0,4.33333333333333,1868
s22,1,tooSmall,other,validRT,0,0,NaN,NaN,NaN
s22,1,tooSmall,other,trimmedRT,0,0,NaN,NaN,NaN
s22,1,unclassified,left,validRT,0,0,NaN,NaN,NaN
s22,1,unclassified,left,trimmedRT,0,0,NaN,NaN,NaN
s22,1,unclassified,right,validRT,0,0,NaN,NaN,NaN
s22,1,unclassified,right,trimmedRT,0,0,NaN,NaN,NaN
s22,1,unclassified,other,validRT,0,0,NaN,NaN,NaN
s22,1,unclassified,other,trimmedRT,0,0,NaN,NaN,NaN
s22,2,toward,left,validRT,95,0,0,8.30526315789474,625.568421052632
s22,2,toward,left,trimmedRT,2,0,0,47.5,1692.5
s22,2,toward,right,validRT,155,1,0.00645161290322581,7.95483870967742,666.225806451613
s22,2,toward,right,trimmedRT,1,0,0,86,1481
s22,2,toward,other,validRT,0,0,NaN,NaN,NaN
s22,2,toward,other,trimmedRT,0,0,NaN,NaN,NaN
s22,2,noMS,left,validRT,44,0,0,8.02272727272727,547.772727272727
s22,2,noMS,left,trimmedRT,2,1,0.5,30.5,1985.5
s22,2,noMS,right,validRT,24,0,0,8,613.666666666667
s22,2,noMS,right,trimmedRT,0,0,NaN,NaN,NaN
s22,2,noMS,other,validRT,0,0,NaN,NaN,NaN
s22,2,noMS,other,trimmedRT,0,0,NaN,NaN,NaN
s22,2,away,left,validRT,81,0,0,11.2345679012346,585.617283950617
s22,2,away,left,trimmedRT,0,0,NaN,NaN,NaN
s22,2,away,right,validRT,45,0,0,12.1555555555556,640.444444444444
s22,2,away,right,trimmedRT,2,0,0,32.5,1656
s22,2,away,other,validRT,0,0,NaN,NaN,NaN
s22,2,away,other,trimmedRT,0,0,NaN,NaN,NaN
s22,2,tooSmall,left,validRT,75,0,0,10.52,555.906666666667
s22,2,tooSmall,left,trimmedRT,1,0,0,6,1350
s22,2,tooSmall,right,validRT,71,0,0,11.2676056338028,629.774647887324
s22,2,tooSmall,right,trimmedRT,2,0,0,28.5,1582.5
s22,2,tooSmall,other,validRT,0,0,NaN,NaN,NaN
s22,2,tooSmall,other,trimmedRT,0,0,NaN,NaN,NaN
s22,2,unclassified,left,validRT,0,0,NaN,NaN,NaN
s22,2,unclassified,left,trimmedRT,0,0,NaN,NaN,NaN
s22,2,unclassified,right,validRT,0,0,NaN,NaN,NaN
s22,2,unclassified,right,trimmedRT,0,0,NaN,NaN,NaN
s22,2,unclassified,other,validRT,0,0,NaN,NaN,NaN
s22,2,unclassified,other,trimmedRT,0,0,NaN,NaN,NaN
s23,1,toward,left,validRT,39,0,0,9.94871794871795,538.871794871795
s23,1,toward,left,trimmedRT,0,0,NaN,NaN,NaN
s23,1,toward,right,validRT,61,0,0,8.13114754098361,546.426229508197
s23,1,toward,right,trimmedRT,3,0,0,6.33333333333333,1845.33333333333
s23,1,toward,other,validRT,0,0,NaN,NaN,NaN
s23,1,toward,other,trimmedRT,0,0,NaN,NaN,NaN
s23,1,noMS,left,validRT,107,3,0.0280373831775701,8.32710280373832,544.289719626168
s23,1,noMS,left,trimmedRT,2,1,0.5,12,2659.5
s23,1,noMS,right,validRT,99,2,0.0202020202020202,9.7979797979798,603.444444444444
s23,1,noMS,right,trimmedRT,11,2,0.181818181818182,14.4545454545455,1982.54545454545
s23,1,noMS,other,validRT,0,0,NaN,NaN,NaN
s23,1,noMS,other,trimmedRT,0,0,NaN,NaN,NaN
s23,1,away,left,validRT,43,0,0,12.1627906976744,540.325581395349
s23,1,away,left,trimmedRT,2,0,0,30.5,2020
s23,1,away,right,validRT,12,0,0,11.25,610
s23,1,away,right,trimmedRT,1,0,0,7,2322
s23,1,away,other,validRT,0,0,NaN,NaN,NaN
s23,1,away,other,trimmedRT,0,0,NaN,NaN,NaN
s23,1,tooSmall,left,validRT,105,1,0.00952380952380952,10.2761904761905,528.333333333333
s23,1,tooSmall,left,trimmedRT,2,1,0.5,44.5,1763
s23,1,tooSmall,right,validRT,112,0,0,8.40178571428571,616.375
s23,1,tooSmall,right,trimmedRT,1,0,0,3,1918
s23,1,tooSmall,other,validRT,0,0,NaN,NaN,NaN
s23,1,tooSmall,other,trimmedRT,0,0,NaN,NaN,NaN
s23,1,unclassified,left,validRT,0,0,NaN,NaN,NaN
s23,1,unclassified,left,trimmedRT,0,0,NaN,NaN,NaN
s23,1,unclassified,right,validRT,0,0,NaN,NaN,NaN
s23,1,unclassified,right,trimmedRT,0,0,NaN,NaN,NaN
s23,1,unclassified,other,validRT,0,0,NaN,NaN,NaN
s23,1,unclassified,other,trimmedRT,0,0,NaN,NaN,NaN
s23,2,toward,left,validRT,26,0,0,9.84615384615385,511.576923076923
s23,2,toward,left,trimmedRT,0,0,NaN,NaN,NaN
s23,2,toward,right,validRT,108,0,0,8.9537037037037,553.351851851852
s23,2,toward,right,trimmedRT,1,0,0,15,1761
s23,2,toward,other,validRT,0,0,NaN,NaN,NaN
s23,2,toward,other,trimmedRT,0,0,NaN,NaN,NaN
s23,2,noMS,left,validRT,78,1,0.0128205128205128,12.7179487179487,515.269230769231
s23,2,noMS,left,trimmedRT,4,1,0.25,9,2190.25
s23,2,noMS,right,validRT,66,1,0.0151515151515152,10.4545454545455,571.742424242424
s23,2,noMS,right,trimmedRT,4,1,0.25,11,1582.25
s23,2,noMS,other,validRT,0,0,NaN,NaN,NaN
s23,2,noMS,other,trimmedRT,0,0,NaN,NaN,NaN
s23,2,away,left,validRT,80,0,0,10.4625,492.325
s23,2,away,left,trimmedRT,0,0,NaN,NaN,NaN
s23,2,away,right,validRT,14,0,0,11,527
s23,2,away,right,trimmedRT,0,0,NaN,NaN,NaN
s23,2,away,other,validRT,0,0,NaN,NaN,NaN
s23,2,away,other,trimmedRT,0,0,NaN,NaN,NaN
s23,2,tooSmall,left,validRT,111,0,0,9.07207207207207,491.702702702703
s23,2,tooSmall,left,trimmedRT,1,0,0,1,1470
s23,2,tooSmall,right,validRT,104,1,0.00961538461538462,9.10576923076923,556.528846153846
s23,2,tooSmall,right,trimmedRT,3,1,0.333333333333333,19.3333333333333,1822
s23,2,tooSmall,other,validRT,0,0,NaN,NaN,NaN
s23,2,tooSmall,other,trimmedRT,0,0,NaN,NaN,NaN
s23,2,unclassified,left,validRT,0,0,NaN,NaN,NaN
s23,2,unclassified,left,trimmedRT,0,0,NaN,NaN,NaN
s23,2,unclassified,right,validRT,0,0,NaN,NaN,NaN
s23,2,unclassified,right,trimmedRT,0,0,NaN,NaN,NaN
s23,2,unclassified,other,validRT,0,0,NaN,NaN,NaN
s23,2,unclassified,other,trimmedRT,0,0,NaN,NaN,NaN
s24,1,toward,left,validRT,67,1,0.0149253731343284,33.8955223880597,1072.53731343284
s24,1,toward,left,trimmedRT,11,3,0.272727272727273,49.9090909090909,8513.18181818182
s24,1,toward,right,validRT,73,4,0.0547945205479452,33.7534246575342,1209.46575342466
s24,1,toward,right,trimmedRT,12,1,0.0833333333333333,40.4166666666667,3008.16666666667
s24,1,toward,other,validRT,0,0,NaN,NaN,NaN
s24,1,toward,other,trimmedRT,0,0,NaN,NaN,NaN
s24,1,noMS,left,validRT,59,11,0.186440677966102,32.3220338983051,1107.57627118644
s24,1,noMS,left,trimmedRT,5,0,0,48.6,3671.6
s24,1,noMS,right,validRT,80,17,0.2125,38.95,1315.8375
s24,1,noMS,right,trimmedRT,7,2,0.285714285714286,38,6293.71428571429
s24,1,noMS,other,validRT,0,0,NaN,NaN,NaN
s24,1,noMS,other,trimmedRT,0,0,NaN,NaN,NaN
s24,1,away,left,validRT,48,5,0.104166666666667,29.75,1255.60416666667
s24,1,away,left,trimmedRT,12,0,0,47.75,3700.41666666667
s24,1,away,right,validRT,26,1,0.0384615384615385,36.1538461538462,1410.26923076923
s24,1,away,right,trimmedRT,8,1,0.125,21.375,14419.125
s24,1,away,other,validRT,0,0,NaN,NaN,NaN
s24,1,away,other,trimmedRT,0,0,NaN,NaN,NaN
s24,1,tooSmall,left,validRT,87,6,0.0689655172413793,28.4597701149425,1162.64367816092
s24,1,tooSmall,left,trimmedRT,11,1,0.0909090909090909,36.3636363636364,2966.45454545455
s24,1,tooSmall,right,validRT,82,2,0.024390243902439,27.3536585365854,1248.5487804878
s24,1,tooSmall,right,trimmedRT,12,3,0.25,25.25,3266.58333333333
s24,1,tooSmall,other,validRT,0,0,NaN,NaN,NaN
s24,1,tooSmall,other,trimmedRT,0,0,NaN,NaN,NaN
s24,1,unclassified,left,validRT,0,0,NaN,NaN,NaN
s24,1,unclassified,left,trimmedRT,0,0,NaN,NaN,NaN
s24,1,unclassified,right,validRT,0,0,NaN,NaN,NaN
s24,1,unclassified,right,trimmedRT,0,0,NaN,NaN,NaN
s24,1,unclassified,other,validRT,0,0,NaN,NaN,NaN
s24,1,unclassified,other,trimmedRT,0,0,NaN,NaN,NaN
s24,2,toward,left,validRT,80,2,0.025,13.5125,818.475
s24,2,toward,left,trimmedRT,1,0,0,6,2712
s24,2,toward,right,validRT,71,5,0.0704225352112676,15.7042253521127,946.760563380282
s24,2,toward,right,trimmedRT,1,0,0,84,9859
s24,2,toward,other,validRT,0,0,NaN,NaN,NaN
s24,2,toward,other,trimmedRT,0,0,NaN,NaN,NaN
s24,2,noMS,left,validRT,53,3,0.0566037735849057,16.5471698113208,820.433962264151
s24,2,noMS,left,trimmedRT,0,0,NaN,NaN,NaN
s24,2,noMS,right,validRT,71,9,0.126760563380282,17.8028169014085,825.408450704225
s24,2,noMS,right,trimmedRT,1,0,0,63,2854
s24,2,noMS,other,validRT,0,0,NaN,NaN,NaN
s24,2,noMS,other,trimmedRT,0,0,NaN,NaN,NaN
s24,2,away,left,validRT,55,3,0.0545454545454545,18.1636363636364,975.418181818182
s24,2,away,left,trimmedRT,0,0,NaN,NaN,NaN
s24,2,away,right,validRT,44,2,0.0454545454545455,14.6818181818182,1112.13636363636
s24,2,away,right,trimmedRT,1,0,0,80,2376
s24,2,away,other,validRT,0,0,NaN,NaN,NaN
s24,2,away,other,trimmedRT,0,0,NaN,NaN,NaN
s24,2,tooSmall,left,validRT,111,10,0.0900900900900901,15.5225225225225,856.468468468468
s24,2,tooSmall,left,trimmedRT,0,0,NaN,NaN,NaN
s24,2,tooSmall,right,validRT,109,7,0.0642201834862385,17.2293577981651,838.165137614679
s24,2,tooSmall,right,trimmedRT,2,0,0,17.5,2482.5
s24,2,tooSmall,other,validRT,0,0,NaN,NaN,NaN
s24,2,tooSmall,other,trimmedRT,0,0,NaN,NaN,NaN
s24,2,unclassified,left,validRT,0,0,NaN,NaN,NaN
s24,2,unclassified,left,trimmedRT,0,0,NaN,NaN,NaN
s24,2,unclassified,right,validRT,0,0,NaN,NaN,NaN
s24,2,unclassified,right,trimmedRT,0,0,NaN,NaN,NaN
s24,2,unclassified,other,validRT,0,0,NaN,NaN,NaN
s24,2,unclassified,other,trimmedRT,0,0,NaN,NaN,NaN
s25,1,toward,left,validRT,133,1,0.0075187969924812,10.1954887218045,825.842105263158
s25,1,toward,left,trimmedRT,4,0,0,18.75,1697
s25,1,toward,right,validRT,90,1,0.0111111111111111,8.63333333333333,822
s25,1,toward,right,trimmedRT,8,1,0.125,11.5,1774.5
s25,1,toward,other,validRT,0,0,NaN,NaN,NaN
s25,1,toward,other,trimmedRT,0,0,NaN,NaN,NaN
s25,1,noMS,left,validRT,41,3,0.0731707317073171,13.780487804878,789.414634146341
s25,1,noMS,left,trimmedRT,4,0,0,4.75,1719.75
s25,1,noMS,right,validRT,68,9,0.132352941176471,8.75,783.852941176471
s25,1,noMS,right,trimmedRT,4,1,0.25,22,2220
s25,1,noMS,other,validRT,0,0,NaN,NaN,NaN
s25,1,noMS,other,trimmedRT,0,0,NaN,NaN,NaN
s25,1,away,left,validRT,27,0,0,8.11111111111111,739.592592592593
s25,1,away,left,trimmedRT,1,0,0,85,2428
s25,1,away,right,validRT,54,1,0.0185185185185185,7.59259259259259,785.87037037037
s25,1,away,right,trimmedRT,0,0,NaN,NaN,NaN
s25,1,away,other,validRT,0,0,NaN,NaN,NaN
s25,1,away,other,trimmedRT,0,0,NaN,NaN,NaN
s25,1,tooSmall,left,validRT,88,2,0.0227272727272727,8.52272727272727,793.602272727273
s25,1,tooSmall,left,trimmedRT,2,0,0,6.5,1543
s25,1,tooSmall,right,validRT,75,2,0.0266666666666667,8.62666666666667,822.253333333333
s25,1,tooSmall,right,trimmedRT,1,0,0,2,1478
s25,1,tooSmall,other,validRT,0,0,NaN,NaN,NaN
s25,1,tooSmall,other,trimmedRT,0,0,NaN,NaN,NaN
s25,1,unclassified,left,validRT,0,0,NaN,NaN,NaN
s25,1,unclassified,left,trimmedRT,0,0,NaN,NaN,NaN
s25,1,unclassified,right,validRT,0,0,NaN,NaN,NaN
s25,1,unclassified,right,trimmedRT,0,0,NaN,NaN,NaN
s25,1,unclassified,other,validRT,0,0,NaN,NaN,NaN
s25,1,unclassified,other,trimmedRT,0,0,NaN,NaN,NaN
s25,2,toward,left,validRT,127,0,0,9.71653543307087,751.503937007874
s25,2,toward,left,trimmedRT,1,0,0,18,1844
s25,2,toward,right,validRT,74,0,0,7.06756756756757,732
s25,2,toward,right,trimmedRT,1,0,0,20,1771
s25,2,toward,other,validRT,0,0,NaN,NaN,NaN
s25,2,toward,other,trimmedRT,0,0,NaN,NaN,NaN
s25,2,noMS,left,validRT,70,2,0.0285714285714286,10.3428571428571,653.085714285714
s25,2,noMS,left,trimmedRT,1,1,1,18,1543
s25,2,noMS,right,validRT,103,1,0.00970873786407767,8.70873786407767,684.708737864078
s25,2,noMS,right,trimmedRT,1,0,0,3,2074
s25,2,noMS,other,validRT,0,0,NaN,NaN,NaN
s25,2,noMS,other,trimmedRT,0,0,NaN,NaN,NaN
s25,2,away,left,validRT,44,0,0,9,665.931818181818
s25,2,away,left,trimmedRT,0,0,NaN,NaN,NaN
s25,2,away,right,validRT,47,0,0,10.6170212765957,739.106382978723
s25,2,away,right,trimmedRT,0,0,NaN,NaN,NaN
s25,2,away,other,validRT,0,0,NaN,NaN,NaN
s25,2,away,other,trimmedRT,0,0,NaN,NaN,NaN
s25,2,tooSmall,left,validRT,57,0,0,9.14035087719298,672.263157894737
s25,2,tooSmall,left,trimmedRT,0,0,NaN,NaN,NaN
s25,2,tooSmall,right,validRT,74,0,0,10.7567567567568,672.351351351351
s25,2,tooSmall,right,trimmedRT,0,0,NaN,NaN,NaN
s25,2,tooSmall,other,validRT,0,0,NaN,NaN,NaN
s25,2,tooSmall,other,trimmedRT,0,0,NaN,NaN,NaN
s25,2,unclassified,left,validRT,0,0,NaN,NaN,NaN
s25,2,unclassified,left,trimmedRT,0,0,NaN,NaN,NaN
s25,2,unclassified,right,validRT,0,0,NaN,NaN,NaN
s25,2,unclassified,right,trimmedRT,0,0,NaN,NaN,NaN
s25,2,unclassified,other,validRT,0,0,NaN,NaN,NaN
s25,2,unclassified,other,trimmedRT,0,0,NaN,NaN,NaN
